,PEMEL_Max,PEMEL_Min,PEMEL_Mean,Siemens_1bar,Siemens_100bar,Siemens _50bar,Proton,Proton_Advanced,Giner_70bar_58C,Giner_7bar_42C,Giner_7bar_58C,Giner_70 bar_42C,CETH2,Helion_50C,Helion_60C,Helion_70C,Helion_70C_15bar,Giner,Hydrogenics,Proton,ITM_ELECTROHYPEM,AREVA,Siemens,Labor_dÅnne_Membran_80,Labor_dÅnne_Membran_50,AEL_Max,AEL_Min,AEL_Mean,Elwatec_FZ_JÅlich,DLR,FZ_JÅlic_ HPEL,Lurgi,GHW,Metkon_Alyzer_50,Metkon_Alyzer_60,Metkon_Alyzer_Hysolar_80,GHW,Stuart_Energy,FZ_JÅlich_Phoebus_80,FZ_JÅlich_Phoebus_50,Casale_Chemicals,Wasserelektrolyse_Hydrotechnik,RESelyzer,Hydrogenics,GHW
,PEMEL,PEMEL,PEMEL,PEMEL,PEMEL,PEMEL,PEMEL,PEMEL,PEMEL,PEMEL,PEMEL,PEMEL,PEMEL,PEMEL,PEMEL,PEMEL,PEMEL,PEMEL,PEMEL,PEMEL,PEMEL,PEMEL,PEMEL,PEMEL,PEMEL,AEL,AEL,AEL,AEL,AEL,AEL,AEL,AEL,AEL,AEL,AEL,AEL,AEL,AEL,AEL,AEL,AEL,AEL,AEL,AEL
,NA,NA,NA,NA,NA,NA,NA,NA,NA,NA,NA,NA,NA,NA,NA,NA,NA,NA,NA,NA,NA,NA,NA,NA,NA,NA,NA,NA,1,10,5,1000,100,350,350,350,100,NA,26,26,25,NA,NA,NA,100
0,95.44113456,81.98643457,84.36239983,81.98643457,84.21512405,82.0815153,79.5065328,87.0249167,82.23200795,82.99376486,85.15897269,81.69593105,85.32782312,81.84991122,84.06293396,84.45322596,90.01075335,82.91919843,95.44113456,74.84094368,84.73528698,81.86767418,90.60664516,89.45409917,80.75462355,96.85855815,76.66656388,90.40443519,84.6022256,86.12427579,87.41437756,85.29496142,85.52652997,87.60453408,99.48110058,92.05942059,86.18917277,97.88140254,100,99.43738373,99.7200318,76.66656388,84.8234567,96.85855815,87.191403
0.01,95.06399797,78.50214822,82.80148412,78.50214822,81.88351646,79.07569943,79.5721067,86.49791342,81.64541398,82.36448096,84.46307908,80.95445549,84.62025111,81.12898776,83.37081946,83.87207598,88.12580305,82.71424221,95.06399797,74.74326992,83.57363627,81.49196632,80.53549613,86.7966465,75.86962316,95.86170403,76.18692194,87.6023681,84.26357113,85.82747026,87.24915037,85.15562745,85.15084705,81.32311237,87.94967063,88.07450599,85.8299889,94.87348304,96.42376609,92.16616907,91.5331976,76.18692194,84.64466198,95.86170403,86.72640977
0.02,94.68302352,75.62598774,81.55770273,75.62598774,79.44649512,76.13485838,79.08016088,85.93062063,81.0057846,81.75148168,83.70535785,80.10808194,83.9164384,80.38912535,82.64655065,83.27170478,86.28744172,82.50474309,94.68302352,74.63147254,82.49046915,81.11436833,76.06321422,84.98331048,72.41184907,94.8530788,75.68375945,85.41594711,83.90341864,85.52545318,87.07763239,85.01624204,84.76322854,77.72391767,81.43810748,83.95954593,85.44146149,91.88754747,92.41765351,86.06972625,85.60252215,75.68375945,84.46122716,94.8530788,86.24657874
0.03,94.32113032,73.5352813,80.65887547,73.5352813,77.24932288,73.48651583,78.43005896,85.33783709,80.3424975,81.14545183,82.91845817,79.2151365,83.22104173,79.6412363,81.90274239,82.65846771,84.59297466,82.2912843,94.32113032,74.50612704,81.68845636,80.73584233,76.00798277,84.0936837,70.49517676,93.85743176,75.16062244,84.10946206,83.52591471,85.21963332,86.90020572,84.87680758,84.3650569,75.65108213,79.7224888,81.4717875,85.0271282,89.02615818,89.69044959,82.28377628,83.05500885,75.16062244,84.27340833,93.85743176,85.7538947
0.04,94.00123009,71.94130554,79.99331515,71.94130554,75.45057998,71.63768174,77.83817192,84.73436159,79.68493034,80.5370762,82.1350292,78.33394525,82.5387178,78.89623293,81.15200958,82.03872012,83.13970717,82.0744491,94.00123009,74.3678089,81.18062077,80.35735045,77.92413921,83.58339207,69.51902199,92.89951221,74.6210569,83.2275891,83.1352059,84.91141947,86.71725245,84.73732648,83.9577146,74.21798387,78.13420801,80.04788104,84.59052667,86.3918775,88.27139369,80.83462603,82.06922583,74.6210569,84.08146157,92.89951221,85.25034249
0.05,93.74370706,70.55684087,79.4048632,70.55684087,74.02871665,70.21057251,77.25448517,84.13499288,79.06246079,79.9170396,81.3877201,77.52283429,81.87571006,78.16502754,80.4069671,81.41881737,82.02447414,81.85482074,93.74370706,74.21709362,80.79686545,79.97985478,79.61566502,83.11257951,68.87566138,92.00406944,74.06860885,82.50260921,82.73543879,84.6022204,86.52915468,84.59780114,83.5425841,73.09296927,76.63148113,78.9057742,84.13519454,84.08726777,87.52693227,80.50732818,80.95398187,74.06860885,83.88564297,92.00406944,84.7379069
0.06,93.56077661,69.20330892,78.82419025,69.20330892,72.83954721,68.8533578,76.65128955,83.55451317,78.50150509,79.27747068,80.70818706,76.83673669,81.251234,77.45853245,79.68022981,80.80511481,81.27580723,81.63298248,93.56077661,74.05455666,80.40335309,79.60431745,80.52787751,82.65668075,68.08355891,91.19585275,73.50682428,81.84942983,82.33075994,84.29344489,86.33629449,84.45823395,83.12104788,72.17865572,75.5666651,77.92567189,83.66466944,82.21447098,86.83892405,80.11379134,79.79021905,73.50682428,83.68620861,91.19585275,84.21857275
0.07,93.38504021,67.97420457,78.26232106,67.97420457,71.85203985,67.64160632,76.14774583,83.00741926,77.99608525,78.63113509,80.10393579,76.27352428,80.69084484,76.78765997,78.98441262,80.20396779,80.78297106,81.40951756,93.38504021,73.88077354,80.00519466,79.23170057,80.76897295,82.21574242,67.10982392,90.49593211,72.93924921,81.25395944,81.92531592,83.98650171,86.13905399,84.31862733,82.6944884,71.40977195,74.80932799,77.07880019,83.18248902,80.81937821,86.06000616,79.38770068,78.89292822,72.93924921,83.48341457,90.49593211,83.69432485
0.08,93.0510666,66.84005128,77.70802417,66.84005128,71.0275235,66.57662366,75.59888679,82.50796749,77.52025015,78.00620407,79.5575693,75.78368475,80.22014087,76.16332241,78.33213038,79.62173168,80.41826629,81.18500924,93.0510666,73.69631973,79.63312868,78.86296627,80.448997,81.78981117,66.02122958,89.90169693,72.36942965,80.71771831,81.5232533,83.68279964,85.93781526,84.17898366,82.26428814,70.75614851,74.17201075,76.34306973,82.69219093,79.83560688,85.30234415,78.59235934,78.20454941,72.36942965,83.27751692,89.90169693,83.16714802
0.09,92.54433654,65.89762776,77.16525702,65.89762776,70.27093012,65.61958684,75.06365979,82.0696903,77.05108606,77.42880063,79.05081784,75.31865393,79.86306803,75.59643022,77.73599793,79.06476182,80.05710814,80.96004076,92.54433654,73.50177072,79.29679424,78.49907664,79.67799531,81.37893361,64.88454905,89.40115657,71.80091159,80.23823332,81.12871866,83.38374746,85.7329604,84.03930536,81.83182955,70.18976249,73.54689335,75.70120893,82.1973128,79.18344231,84.66187203,77.95861896,77.58442712,71.80091159,83.06877176,89.40115657,82.63902706
0.1,92.01773963,65.07981986,76.64733514,65.07981986,69.53770776,64.76561541,74.69467629,81.70248328,76.58388557,76.90350213,78.57285563,74.85894334,79.60672648,75.09333749,77.2045352,78.53941357,79.65058082,80.73519539,92.01773963,73.297702,78.99270732,78.14099382,78.56601355,80.9831564,63.7665555,88.982297,71.23724106,79.8065171,80.74585855,83.09075394,85.52487151,83.89959481,81.39849511,69.68739043,72.93685541,75.1360526,81.70139227,78.78316978,84.12891795,77.48620566,77.00231267,71.23724106,82.85743516,88.982297,82.11194679
0.11,91.53622149,64.28149398,76.14354478,64.28149398,68.86582156,63.97972294,74.14650592,81.39674888,76.12013023,76.42357557,78.12104783,74.40448628,79.40200252,74.64604302,76.7311161,78.05204228,79.22774838,80.51105637,91.53622149,73.08468905,78.71718613,77.78967992,77.22309738,80.60252616,62.73334167,88.6331042,70.68196406,79.41040106,80.37870069,82.80522787,85.31393067,83.75985443,80.96566729,69.23758166,72.35294575,74.63043557,81.20796699,78.55507461,83.65722818,77.0895469,76.475934,70.68196406,82.6437632,88.6331042,81.58789202
0.12,91.09278396,63.51856406,75.66949637,63.51856406,68.2795408,63.24957865,73.73372845,81.11901938,75.66130674,75.98218782,77.69318015,73.95557092,79.19825655,74.24372562,76.30561353,77.60793288,78.82091516,80.28820695,91.09278396,72.86330737,78.46654889,77.44609704,75.75929244,80.23708954,61.81851373,88.34156412,70.13862658,79.03779347,80.02872542,82.52857801,85.10051998,83.62008661,80.53472855,68.83065765,71.80360427,74.16719274,80.72057459,78.41944209,83.2086359,76.69777624,76.00491677,70.13862658,82.42801198,88.34156412,81.06884755
0.13,90.68471184,62.84595881,75.21493931,62.84595881,67.73729381,62.50153126,73.30670779,80.83854323,75.20890177,75.57250576,77.28703827,73.5124854,78.94484894,73.87556407,75.91790034,77.20448727,78.4462031,80.06723038,90.68471184,72.63413244,78.23711383,77.11120731,74.2846444,79.88689316,61.0096098,88.09566274,69.61077465,78.68133671,79.69496521,82.26221315,84.88502154,83.48029375,80.10706137,68.45702599,71.29052924,73.73193413,80.24275273,78.29655845,82.77915167,76.30748811,75.5740556,69.61077465,82.21043756,88.09566274,80.55679822
0.14,90.31454018,62.11080552,74.77835073,62.11080552,67.21483514,61.83088329,72.89899768,80.55577702,74.76440198,75.18769625,76.90040787,73.0755179,78.60682489,73.53073718,75.55784943,76.83558513,78.09672254,79.84870992,90.31454018,72.39773975,78.02519916,76.78575552,72.90746786,79.55193412,60.29066698,87.88338601,69.10195427,78.33722041,79.37635361,82.00754146,84.66781744,83.34047826,79.68404821,68.10903482,70.81434445,73.32032403,79.77801796,78.12352704,82.37377386,75.9344344,75.17268625,69.10195427,81.99129604,87.88338601,80.05372882
0.15,89.9983942,61.4438909,74.3616943,61.4438909,66.6671203,61.17811091,72.4731499,80.28500529,74.32929407,74.82092615,76.53107465,72.64495655,78.21056747,73.19842374,75.21533365,76.49508975,77.76382803,79.63322882,89.9983942,72.15470478,77.82712312,76.46958081,71.68337156,79.23167114,59.64572236,87.6927199,68.61571145,78.00549836,79.07182415,81.7655117,84.44928976,83.20064254,79.26707153,67.78095077,70.37567372,72.93030295,79.32953444,77.89720884,81.99576979,75.590636,74.79815687,68.61571145,81.77084348,87.6927199,79.56162416
0.16,89.75804736,60.79565218,73.96775546,60.79565218,66.13290504,60.53694708,72.09584535,80.04031128,73.90506471,74.46536236,76.1768243,72.22108953,77.79745168,72.86806674,74.88022709,76.17686442,77.43887413,79.42137033,89.75804736,71.90560303,77.6392039,76.16228646,70.60691262,78.92523259,59.05881304,87.51165038,68.15559219,77.68565221,78.78031036,81.53579677,84.22982062,83.06078898,78.85751382,67.46712832,69.97514086,72.55981395,78.9001747,77.6277321,81.64182162,75.27268803,74.44830987,68.15559219,81.54933599,87.51165038,79.08246907
0.17,89.5726068,60.18624757,73.59820238,60.18624757,65.6691994,59.93244038,71.75067064,79.82298208,73.49318014,74.11417172,75.83544251,71.80420498,77.40885252,72.53519566,74.54492275,75.87477244,77.11329499,79.2137177,89.5726068,71.65100998,77.45775975,75.86347575,69.66923662,78.63174207,58.51397612,87.32816342,67.72482519,77.37688987,78.50074578,81.31784987,84.00979209,82.92091998,78.45675753,67.1636951,69.61336848,72.20748165,78.49264494,77.32522504,81.30704589,74.97320093,74.12013393,67.72482519,81.32702963,87.32816342,78.61824834
0.18,89.39244507,59.61753774,73.24640725,59.61753774,65.23398767,59.39558099,71.377612,79.61622174,73.09426481,73.76179825,75.50482908,71.3945762,77.08582383,72.20143234,74.2096524,75.58275321,76.78388295,79.01085419,89.39244507,71.39150113,77.27911092,75.57275196,68.86148917,78.35032318,57.99637012,87.13156045,67.32350913,77.07851739,78.23206394,81.11112418,83.78958627,82.78103796,78.06618514,66.87099622,69.2899169,71.87352928,78.10666014,76.99981591,80.98724215,74.68592321,73.81051747,67.32350913,81.10418048,87.13156045,78.1709468
0.19,89.16823773,59.09224766,72.90805043,59.09224766,64.81590341,58.87128056,71.00978675,79.40967442,72.70782119,73.40788199,75.18374432,70.99228072,76.84296358,71.86866396,73.87616824,75.29703901,76.45608865,78.81336304,89.16823773,71.12765195,77.10059181,75.28971837,68.17481583,78.0800995,57.5004743,86.92025514,66.94996043,76.7904976,77.97319837,80.91507289,83.56958526,82.6411453,77.68717911,66.58999025,69.0013281,71.55840896,77.73925824,76.66163294,80.68095462,74.40958077,73.51731488,66.94996043,80.88104464,86.92025514,77.74254926
0.2,88.8559101,58.615507,72.58154839,58.615507,64.41518141,58.38034833,70.66114816,79.20329266,72.33327384,73.05338423,74.87134106,70.59725802,76.64909069,71.53877768,73.54622243,75.01650384,76.13615036,78.6218275,88.8559101,70.86003793,76.92218766,75.01397825,67.60036222,77.82019463,57.02538685,86.69651816,66.60247483,76.51313343,77.7230826,80.72914918,83.35017115,82.50124441,77.32112191,66.3215985,68.74361165,71.26257281,77.3873827,76.32080437,80.38741674,74.14425987,73.23894072,66.60247483,80.65787818,86.69651816,77.33504052
0.21,88.48633356,58.15426422,72.26425097,58.15426422,63.99848217,57.9155488,70.3467481,78.99805959,71.97004733,72.69926626,74.56677414,70.2094447,76.46847012,71.21366067,73.22156718,74.74016805,75.83030634,78.43672844,88.48633356,70.58923457,76.7443115,74.74513489,67.1292739,77.56973216,56.57023907,86.46263405,66.27934808,76.24664119,77.48065018,80.55280624,83.13172603,82.36133769,76.96927219,66.06602493,68.51268929,70.98539939,77.04855917,75.98745842,80.10582113,73.88989238,72.97394707,66.27934808,80.43493718,86.46263405,76.9503968
0.22,88.14827736,57.70476118,71.95778484,57.70476118,63.59567922,57.46545946,70.03275041,78.79791923,71.61756623,72.34648938,74.26919839,69.82877733,76.26536684,70.89520012,72.90395465,74.467052,75.54479385,78.25793975,88.14827736,70.31581735,76.56737632,74.48279157,66.75269649,77.32783569,56.13416225,86.22088731,65.97887593,75.99066119,77.24483636,80.38549726,82.91463201,82.22142754,76.63132335,65.82282606,68.30063471,70.72225386,76.72259976,75.67172334,79.83516079,73.64558887,72.72107305,65.97887593,80.21247773,86.22088731,76.58942228
0.23,87.88022807,57.27575704,71.66575472,57.27575704,63.23390625,57.03422577,69.75684322,78.60809606,71.27525509,71.99601488,73.97776864,69.45519252,76.00562849,70.58521526,72.59513703,74.19617603,75.28288388,78.08511246,87.88022807,70.04036176,76.39179515,74.22655155,66.46177556,77.0936288,55.71628768,85.97356247,65.69935412,75.74425216,77.0148592,80.22667544,82.69927116,82.08151636,76.30589588,65.59153516,68.0942559,70.46756373,76.4098778,75.38290134,79.57436779,73.41018798,72.47913652,65.69935412,79.99075591,85.97356247,76.25057002
0.24,87.6661267,56.84600559,71.37889317,56.84600559,62.86743237,56.61601056,69.4041392,78.4294806,70.94253849,71.64880405,73.69163972,69.08862685,75.68581222,70.28419311,72.2966817,73.92656051,75.03836509,77.91789729,87.6661267,69.76344328,76.21798099,73.97601813,66.2476567,76.8662351,55.31574666,85.72294403,65.4390784,75.50605015,76.79053085,80.07579394,82.48602558,81.94160656,75.99158934,65.37152512,67.87998076,70.21636931,76.11076655,75.122375,79.32242206,73.18258918,72.24721583,65.4390784,79.7700278,85.72294403,75.9320122
0.25,87.4735737,56.43460218,71.10212958,56.43460218,62.50796367,56.20972121,69.09808256,78.25958016,70.61884099,71.30581819,73.40996646,68.72901691,75.3303205,69.99140501,72.00834898,73.65724154,74.80313537,77.75594495,87.4735737,69.48563741,76.04634685,73.73080738,66.10148551,76.64477817,54.93167049,85.47131652,65.19634453,75.27485569,76.57173847,79.93230597,82.27527738,81.80170053,75.68700328,65.16109647,67.64691168,69.9691226,75.8249023,74.88711751,79.07863042,72.96214556,72.02446304,65.19634453,79.55054948,85.47131652,75.63192103
0.26,87.25243916,56.03556431,70.83341791,56.03556431,62.17478089,55.81638604,68.82031738,78.09877959,70.30358714,70.96801859,73.1319037,68.37629929,74.96456395,69.70607774,71.72887723,73.38810838,74.56909264,77.59890615,87.25243916,69.20751963,75.87730575,73.49063471,66.01440757,76.42838162,54.56319046,85.22096445,64.96944824,75.05044102,76.35836918,79.79566471,82.06740864,81.66180067,75.39073724,64.95810998,67.40041853,69.72909573,75.54938412,74.67405442,78.84243626,72.74841456,71.8101449,64.96944824,79.33257703,85.22096445,75.34846868
0.27,86.98896945,55.63732552,70.56939637,55.63732552,61.84654357,55.42815385,68.52286607,77.95405123,69.99620153,70.63636655,72.85660628,68.03041058,74.61395314,69.42743808,71.45699321,73.1203223,74.32913275,77.4464316,86.98896945,68.92966542,75.71127071,73.25526206,65.97756847,76.21616902,54.20943786,84.97417234,64.75668529,74.83291334,76.15031014,79.66532335,81.86280145,81.52190938,75.10139077,64.76042933,67.15198768,69.49958514,75.2807654,74.48011131,78.61328984,72.54095659,71.60361485,64.75668529,79.11636654,84.97417234,75.07982736
0.28,86.74381857,55.26120729,70.31865641,55.26120729,61.51950785,55.07567523,68.27368331,77.83324922,69.6961087,70.31182335,72.58322901,67.69128736,74.30266677,69.15471281,71.19142372,72.8551483,74.08299387,77.29817201,86.74381857,68.65265029,75.54862536,73.0244516,65.98211381,76.00726398,53.86954399,84.73322471,64.55635142,74.62242618,75.94744848,79.54073507,81.66183791,81.38202908,74.81756343,64.5666826,66.91311357,69.28373934,75.01561917,74.30221375,78.39071324,72.33935674,71.40427318,64.55635142,78.90217408,84.73322471,74.82416926
0.29,86.5671969,54.90192666,70.07732188,54.90192666,61.20021509,54.70215402,68.00062185,77.73025402,69.40273323,69.99535029,72.31092673,67.35886624,74.03540234,68.88712872,70.9308955,72.59385138,73.83328405,77.15377809,86.5671969,68.37704971,75.38936412,72.79796551,66.01918917,75.8008072,53.54265888,84.50035306,64.36674238,74.41895162,75.74967133,79.42135306,81.46490012,81.24216214,74.53785475,64.37714271,66.69146973,69.08176214,74.75244584,74.13728732,78.17427377,72.14321673,71.21162012,64.36674238,78.69025574,84.50035306,74.57966656
0.3,86.4539695,54.55025341,69.84261634,54.55025341,60.89189407,54.37612797,67.69923667,77.59458112,69.11549968,69.68790867,72.03885428,67.03308379,73.80130585,68.62391355,70.67413535,72.33769653,73.58262114,77.01290055,86.4539695,68.10343917,75.23320546,72.57556598,66.07994014,75.59634788,53.22803372,84.27646906,64.18615392,74.2217795,75.55686585,79.30663051,81.27237016,81.10231099,74.2608643,64.19229607,66.48339857,68.89114643,74.4932684,73.98225758,77.96354202,71.95214083,71.02517777,64.18615392,78.4808676,84.27646906,74.34449147
0.31,86.37496978,54.23046197,69.6114116,54.23046197,60.58193527,54.04592409,67.42965229,77.40240127,68.83383262,69.39020992,71.76631481,66.71387658,73.58908989,68.36451021,70.41999801,72.08794876,73.33362298,76.87519011,86.37496978,67.83239416,75.07986198,72.35701519,66.15551232,75.3938523,52.92495375,84.0611062,64.01288178,74.03002262,75.36891918,79.19602061,81.08463013,80.96247801,73.98519162,64.0126227,66.28315181,68.70928408,74.24048538,73.83405011,77.75815022,71.76579501,70.84453571,64.01288178,78.27426575,84.0611062,74.11681617
0.32,86.24961232,53.90859521,69.38065363,53.90859521,60.25917191,53.73386426,67.18394245,77.18130123,68.5571566,69.10193488,71.49344759,66.401156,73.38746703,68.10884572,70.16826724,71.84587289,73.08890745,76.74029746,86.24961232,67.56449017,74.9290463,72.14207532,66.23705129,75.19330554,52.63270421,83.8537333,63.84522171,73.84278994,75.18571844,79.08897655,80.90206212,80.82266561,73.70943762,63.83827631,66.08501524,68.53356694,73.99625459,73.68995761,77.55779432,71.58391277,70.66931669,63.84522171,78.07070626,83.8537333,73.89481285
0.33,86.01643756,53.61094059,69.15112743,53.61094059,59.94986776,53.41681069,66.9676582,76.96271828,68.2848962,68.82249867,71.22068467,66.09475997,73.18534726,67.85691328,69.91913666,71.61222825,72.85109238,76.60787333,86.01643756,67.30030268,74.78047104,71.93050855,66.31570264,74.99469267,52.35057035,83.65381914,63.68146947,73.65935267,75.00715078,78.98495151,80.72504824,80.68287619,73.43270448,63.66893528,65.88606859,68.36138686,73.76087725,73.54903079,77.36217339,71.40623121,70.4991729,63.68146947,77.87044521,83.65381914,73.67665408
0.34,85.74731355,53.30601573,68.92456286,53.30601573,59.66486616,53.11662409,66.72063026,76.76866874,68.01647597,68.55131643,70.9484584,65.79451308,72.97713632,67.60870605,69.67280171,71.38615928,72.62264517,76.47756843,85.74731355,67.04040718,74.6338488,71.72207707,66.38261196,74.79799878,52.07783741,83.46083254,63.51992079,73.47934909,74.83310335,78.88339868,80.55397056,80.54311215,73.15534203,63.50424042,65.68821993,68.1901357,73.53379121,73.41084589,77.17101035,71.2325063,70.33380272,63.51992079,77.67373869,83.46083254,73.46096324
0.35,85.54215955,53.00848052,68.70605563,53.00848052,59.38902435,52.82366739,66.47423859,76.60591185,67.75132049,68.2878033,70.67720111,65.50023995,72.76332543,67.36421723,69.42945781,71.16648857,72.40362558,76.34903415,85.54215955,66.78537917,74.48889221,71.51654306,66.42892484,74.60320895,51.81379064,83.27424228,63.35887144,73.30254297,74.66346329,78.78377124,80.38906593,80.40337985,72.87789095,63.34383271,65.49385681,68.01739123,73.31442949,73.27497925,76.98407274,71.0625314,70.17291494,63.35887144,77.48084278,83.27424228,73.24769407
0.36,85.4361351,52.72014476,68.49503377,52.72014476,59.11104501,52.54359391,66.19827193,76.47398558,67.48885431,68.03137441,70.40734516,65.21176516,72.54472154,67.12344,69.18930039,70.95203875,72.19215661,76.22202636,85.4361351,66.53579412,74.34531386,71.31366869,66.44578688,74.41030826,51.55771529,83.09351718,63.19696442,73.1288406,74.49811772,78.68552239,80.23000111,80.26374846,72.60089191,63.18735691,65.30531496,67.84290616,73.10222516,73.14100722,76.80113301,70.89610427,70.01625676,63.19696442,77.29217806,83.09351718,73.03704448
0.37,85.42786644,52.4342405,68.29182908,52.4342405,58.83867238,52.26688655,65.97295298,76.34796766,67.2285471,67.78144489,70.1393229,64.92891334,72.32213162,66.88636753,68.95252488,70.74163242,71.98630639,76.09651601,85.42786644,66.29222753,74.20282718,71.11321616,66.42555488,74.2192818,51.30889661,82.91812603,63.03412099,72.95827224,74.3369538,78.58810531,80.07630303,80.12433736,72.32488559,63.03446133,65.12302937,67.66784296,72.89661124,73.00850614,76.6219728,70.73303061,69.86359013,63.03412099,77.10953897,82.91812603,72.82921237
0.38,85.4333197,52.15788399,68.08908571,52.15788399,58.59131525,51.98963895,65.74826676,76.19753407,66.97026115,67.53742988,69.87356666,64.65150907,72.09636263,66.65299002,68.7193267,70.53409218,71.78414305,75.97250056,85.4333197,66.05514225,74.06130209,70.91494764,66.36816363,74.03011463,51.06661984,82.74753763,62.87055644,72.79079082,74.17985866,78.49097355,79.92749863,79.98526736,72.05041266,62.88479441,64.94502969,67.49338786,72.69702078,72.87705235,76.44641019,70.5731493,69.71469518,62.87055644,76.93540355,82.74753763,72.62439564
0.39,85.30713822,51.89267431,67.88128463,51.89267431,58.36565317,51.72292207,65.53890309,76.01795858,66.71406094,67.29874452,69.6105088,64.37937696,71.8682215,66.42322743,68.48988342,70.32824066,71.58373472,75.84997746,85.30713822,65.824394,73.92095197,70.71862531,66.27647267,73.84279185,50.83017023,82.58122079,62.70648605,72.6263432,74.02671945,78.39372658,79.78311484,79.84665922,71.7780138,62.73797698,64.76919106,67.32061277,72.50288683,72.7462222,76.2742723,70.41630791,69.56937654,62.70648605,76.77225486,82.58122079,72.42279221
0.4,85.03924374,51.61944369,67.66626883,51.61944369,58.1304163,51.45741904,65.32041118,75.83145844,66.46001263,67.06480393,69.35058166,64.11234162,71.63851521,66.19692877,68.26429142,70.12291174,71.38314951,75.72894415,85.03924374,65.59963483,73.78203577,70.52405701,66.15334776,73.65729853,50.59883488,82.41864431,62.5421251,72.46485173,73.87742331,78.29633399,79.64267861,79.70863376,71.50822968,62.5935471,64.59349452,67.14976976,72.31364243,72.61559204,76.10538851,70.26235586,69.42744463,62.5421251,76.62257591,82.41864431,72.22459998
0.41,84.76195898,51.35829689,67.45358871,51.35829689,57.88739565,51.19705821,65.11736811,75.66148397,66.20818237,66.83502326,69.0942176,63.85022764,71.40805071,65.97393988,68.04262405,69.91752539,71.18045556,75.6093981,84.76195898,65.38051668,73.64481246,70.33122173,66.00165465,73.47361976,50.37208807,82.25927698,62.37768889,72.30638775,73.73185736,78.19882319,79.50571686,79.57131176,71.24160098,62.45102738,64.4187426,66.98075296,72.12872062,72.48474654,75.93961068,70.11116206,69.28873246,62.37768889,76.48880355,82.25927698,72.03001686
0.42,84.55186274,51.11363999,67.24646962,51.11363999,57.65316792,50.95563499,64.86500548,75.5223295,65.95863631,66.60881764,68.84184895,63.59285963,71.17763496,65.7541066,67.82495463,69.71236163,70.97426147,75.49133674,84.55186274,65.16669144,73.50954101,70.1401386,65.82425912,73.29174062,50.14974988,82.10258761,62.2133927,72.151101,73.58990877,78.10122155,79.37175654,79.43481401,70.97866837,62.30994043,64.24879213,66.81345502,71.94755682,72.35357941,75.77680372,69.96260723,69.1530811,62.2133927,76.37131086,82.10258761,71.83924075
0.43,84.37859889,50.88436164,67.04714761,50.88436164,57.43024912,50.73106987,64.65445697,75.40846409,65.71144062,66.3856022,68.59390806,63.34006219,70.94807491,65.53727479,67.6113565,69.50776903,70.76539416,75.37475755,84.37859889,64.95781104,73.37648036,69.95082677,65.62402691,73.11164618,49.9316777,81.94804509,62.04945182,71.99902249,73.45146466,78.00355647,79.24032458,79.2992613,70.71997253,62.16982652,64.08765248,66.64776861,71.76983999,72.22237715,75.61683295,69.81657239,69.02034245,62.04945182,76.26762381,81.94804509,71.65246956
0.44,84.20757472,50.66932892,66.85102823,50.66932892,57.21359032,50.51441819,64.43622657,75.31176533,65.46666144,66.16479207,68.35082728,63.09165993,70.72017752,65.32329029,67.40190299,69.30409619,70.55524963,75.25965796,84.20757472,64.75352739,73.24588949,69.76330537,65.40382381,72.93332153,49.71772895,81.79523396,61.88608153,71.85024161,73.31641217,77.90585534,79.11094791,79.16477443,70.46605413,62.03096682,63.93912012,66.48360688,71.59573447,72.09145163,75.45957487,69.67294836,68.8903832,61.88608153,76.1750604,81.79523396,71.4699012
0.45,84.0321176,50.46401565,66.656945,50.46401565,56.99270581,50.29541697,64.22547987,75.2240085,65.22436493,65.9458531,68.113031,62.84747744,70.49474975,65.11199897,67.19666746,69.10169169,70.34522385,75.14603544,84.0321176,64.55349241,73.11802735,69.57759352,65.16651556,72.75675191,49.50776103,81.64407909,61.72349712,71.70462878,73.18463846,77.80814554,78.98315348,79.03147419,70.21745384,61.89463682,63.80124728,66.32148515,71.42545689,71.96111476,75.3049214,69.53163974,68.76307332,61.72349712,76.09093863,81.64407909,71.29173357
0.46,83.85373749,50.25683818,66.46465094,50.25683818,56.77086227,50.07091714,64.03975159,75.13577349,64.98461725,65.72861639,67.88065955,62.60733933,70.27259855,64.90324928,66.99572321,68.90090412,70.13671281,75.03388743,83.85373749,64.35735801,72.9931529,69.39371036,64.91496793,72.58193624,49.30163136,81.4945677,61.56191388,71.56173523,73.05603065,77.71045447,78.85646822,78.89948136,69.97471235,61.76218176,63.66582703,66.16260379,71.25922389,71.83167842,75.15276555,69.39255221,68.6382966,61.56191388,76.01257649,81.4945677,71.11816458
0.47,83.67909304,50.03879647,66.27401001,50.03879647,56.55938953,49.86459333,63.85831321,75.0368662,64.74748456,65.51307309,67.65349833,62.3710702,70.05453088,64.69697371,66.79909143,68.70208206,69.9311125,74.92321138,83.67909304,64.1647761,72.87151934,69.21167503,64.65204668,72.40889757,49.09919733,81.34668696,61.40154709,71.42108924,72.93047568,77.61280951,78.73043861,78.76891593,69.73837033,61.63486819,63.52433632,66.00820032,71.09718874,71.70345449,75.00300401,69.25559456,68.51594216,61.40154709,75.93729198,81.34668696,70.94939214
0.48,83.51827949,49.8152736,66.08352878,49.8152736,56.36242695,49.65690937,63.65651114,74.91933761,64.513033,65.29921504,67.43131041,62.13849466,69.84135369,64.49320416,66.6064934,68.50557334,69.7298189,74.81400475,83.51827949,63.97539861,72.7530396,69.03150666,64.38061757,72.23766142,48.90031636,81.20042408,61.24261203,71.28213137,72.80785457,77.51523806,78.60487856,78.63983849,69.50896845,61.51244698,63.36857796,65.85931237,70.93916925,71.57675488,74.8555473,69.1206878,68.39590531,61.24261203,75.8624031,81.20042408,70.78561415
0.49,83.36830044,49.60384413,65.89558427,49.60384413,56.17635911,49.44831063,63.46349677,74.78953869,64.28132874,65.08703407,67.21385882,61.9094373,69.6338736,64.29197833,66.41754353,68.3116185,69.53422771,74.70626499,83.36830044,63.78887744,72.63710265,68.85322438,64.10354637,72.06825333,48.70484586,81.05576625,61.085324,71.14465921,72.68804157,77.41776751,78.47979566,78.51221102,69.28704739,61.39330091,63.1993426,65.71544926,70.78487257,71.45189146,74.71030923,68.98775596,68.27809124,61.085324,75.78522784,81.05576625,70.62701216
0.5,83.20314216,49.4044738,65.70787052,49.4044738,55.9854386,49.25232439,63.2259745,74.6594013,64.05243792,64.87652201,67.00090662,61.68372273,69.43247047,64.0933339,66.23185608,68.12024102,69.34520948,74.59998956,83.20314216,63.60486452,72.52305277,68.67684732,63.82369885,71.90069881,48.51264323,80.91270067,60.92989829,71.00898908,72.57091055,77.32042524,78.35520188,78.38598618,69.07314783,61.27576366,63.02732637,65.57541482,70.63400583,71.32917614,74.56720427,68.85672357,68.16240712,60.92989829,75.7030842,80.91270067,70.47343771
0.51,83.0080193,49.20855859,65.52317663,49.20855859,55.78836294,49.0561536,63.02538641,74.54069722,63.82642671,64.66767071,66.79221686,61.46117556,69.23626784,63.89730856,66.04904533,67.9314382,69.16202924,74.4951759,83.0080193,63.42301175,72.41023425,68.50239462,63.54394075,71.73502339,48.32356588,80.77121453,60.77655017,70.87545379,72.45633541,77.22323865,78.23110916,78.26111662,68.86781043,61.15823061,62.86373528,65.43800914,70.48628359,71.20890739,74.42615559,68.72752283,68.04876863,60.77655017,75.61329018,80.77121453,70.32443617
0.52,82.81775069,49.01054044,65.34192815,49.01054044,55.60064742,48.85532813,62.82575168,74.43693239,63.60333099,64.46047198,66.5875526,61.24162037,69.04415921,63.70393999,65.86872553,67.74520731,68.98364621,74.39182147,82.81775069,63.24297105,72.29799138,68.32988542,63.26713784,71.57125259,48.13747122,80.63129502,60.62549493,70.74442926,72.34419003,77.12623513,78.10752943,78.13755501,68.67152225,61.04031843,62.7192452,65.30203517,70.34153413,71.09120654,74.2870927,68.60009158,67.93709567,60.62549493,75.51331494,80.63129502,70.1795413
0.53,82.67252991,48.81378456,65.16775072,48.81378456,55.42149453,48.66324859,62.67561987,74.33988282,63.38306335,64.25491768,66.38667689,61.02488179,68.85503805,63.51326588,65.69051095,67.56154565,68.80901961,74.28992269,82.67252991,63.06439434,72.18566843,68.15933884,62.99615589,71.40941193,47.95421665,80.49292935,60.47694786,70.61584803,72.23434829,77.02944205,77.98447465,78.015254,68.48417083,60.92276441,62.59418674,65.16654107,70.19967416,70.97606949,74.14994524,68.47436779,67.82731139,60.47694786,75.40270227,80.49292935,70.0382869
0.54,82.55020066,48.63245735,64.99455097,48.63245735,55.2400548,48.46293169,62.48412623,74.24043218,63.16550492,64.05099963,66.18935277,60.8107844,68.66779787,63.32532391,65.51401586,67.3804505,68.63710868,74.18943472,82.55020066,62.88693352,72.07260971,67.99077401,62.73386066,71.24952695,47.77365959,80.35610471,60.33112425,70.48918384,72.12668408,76.93288683,77.86195676,77.89416626,68.30526783,60.80634737,62.47947861,65.03100257,70.06062272,70.86348951,74.01464631,68.35029246,67.71934603,60.33112425,75.2825023,80.35610471,69.90020673
0.55,82.39211112,48.47640258,64.82086387,48.47640258,55.04866096,48.26073168,62.28445373,74.1301585,62.95053689,63.84870967,65.99534331,60.59915617,68.4813391,63.14013467,65.33886042,67.20191914,68.46687263,74.09025827,82.39211112,62.71024053,71.95815948,67.82420826,62.48311744,71.09162315,47.59565744,80.22080829,60.18823939,70.36389387,72.02107129,76.83659683,77.73998771,77.77424444,68.13431918,60.69182028,62.36569659,64.89493829,69.92429886,70.75345986,73.88113672,68.22781335,67.61313118,60.18823939,75.153799,80.22080829,69.76483457
0.56,82.17338513,48.27074909,64.64485918,48.27074909,54.84870961,48.09271593,62.09801294,74.00829795,62.7380404,63.64803963,65.80441155,60.38987603,68.29504656,62.95765333,65.16484345,67.02594887,68.2972707,73.99229031,82.17338513,62.53396727,71.84166205,67.65965187,62.24600705,70.93572607,47.42006761,80.08702729,60.04849719,70.23938096,71.91738379,76.74059946,77.61857944,77.65544121,67.97083077,60.57916598,62.24342148,64.75788117,69.79045299,70.64597381,73.74935833,68.10687922,67.50860356,60.04849719,75.01767637,80.08702729,69.6317042
0.57,81.9214099,48.08320796,64.47013393,48.08320796,54.66439873,47.93097903,61.91463713,73.87883797,62.52789662,63.44898135,65.61632055,60.18286251,68.10909672,62.77781942,64.99197019,66.85252883,68.12726211,73.89542783,81.9214099,62.35778712,71.72247798,67.4971134,62.02222336,70.78186123,47.24674752,79.9547489,59.91192738,70.11521242,71.81549547,76.64492211,77.4977439,77.53770923,67.8143085,60.46748442,62.10700923,64.62009537,69.65817773,70.54102462,73.61925363,67.98743935,67.40570359,59.91192738,74.87521838,79.9547489,69.50034939
0.58,81.66797041,47.92094014,64.29787268,47.92094014,54.5036045,47.75641661,61.72853585,73.74611994,62.3199867,63.25152666,65.43083335,59.97803516,67.92373918,62.60057248,64.82025738,66.6815921,67.95604861,73.79956782,81.66797041,62.18165411,71.60057504,67.33660144,61.81100788,70.63005415,47.07559275,79.82396033,59.77842336,69.99161497,71.71528022,76.54959215,77.37749303,77.42100115,67.66425827,60.35582705,61.96129085,64.48291182,69.52640534,70.43860555,73.49077099,67.86944818,67.30437321,59.77842336,74.72750902,79.82396033,69.37030393
0.59,81.44485167,47.74784256,64.12955321,47.74784256,54.34120772,47.59268428,61.5675362,73.61666131,62.11419181,63.0556674,65.24771301,59.77531355,67.73922352,62.42585203,64.64972176,66.51304822,67.78435471,73.70460726,81.44485167,62.00571921,71.47669499,67.17812456,61.61160216,70.48033035,46.90661934,79.69464876,59.64787492,69.86892796,71.61661192,76.45463699,77.25783878,77.30526965,67.520186,60.24326573,61.81289944,64.34774586,69.39406944,70.33870988,73.3638618,67.75286285,67.20455952,59.64787492,74.57563227,79.69464876,69.24110159
0.6,81.28203356,47.57904264,63.96535269,47.57904264,54.17458104,47.43231278,61.38604964,73.4973477,61.9103931,62.86139992,65.06672258,59.57461724,67.55579935,62.2535976,64.48038006,66.34680662,67.61349457,73.61044313,81.28203356,61.83013747,71.35162986,67.02169134,61.42324772,70.33271537,46.73986704,79.56680138,59.52017183,69.74758482,71.51936445,76.36008402,77.13879309,77.19046738,67.38159758,60.13013944,61.66846806,64.21601284,69.26043389,70.24133082,73.23847754,67.63764055,67.10621085,59.52017183,74.42067212,79.56680138,69.11227614
0.61,81.17942907,47.41387671,63.80652013,47.41387671,54.00891417,47.26410275,61.21704383,73.38952003,61.70847175,62.66877399,64.88762511,59.37586581,67.37369031,62.08374872,64.31224903,66.18277672,67.44478363,73.51697241,81.17942907,61.65506396,71.22617168,66.86731035,61.24518609,70.18723471,46.57537561,79.44040541,59.39520387,69.62809968,71.4234117,76.26596061,77.02036791,77.07656735,67.24799892,60.0187749,61.5334991,64.08903535,69.12552087,70.1462836,73.11457208,67.52374061,67.00927836,59.39520387,74.26371253,79.44040541,68.98336136
0.62,81.11213512,47.25300593,63.65121227,47.25300593,53.84870818,47.10563387,61.02086293,73.29167595,61.50830889,62.47787423,64.71018366,59.1789788,67.19258131,61.91624493,64.1453454,66.02086797,67.27953735,73.4240921,81.11213512,61.48065372,71.10111249,66.71499018,61.07665879,70.04391391,46.4131848,79.31544306,59.27286081,69.51054575,71.32862756,76.17229417,76.90257518,76.96360203,67.11889591,59.91167265,61.40741988,63.9669521,68.98945852,70.05280036,72.99210395,67.41112642,66.91371658,59.27286081,74.10583751,79.31544306,68.85389103
0.63,81.05682396,47.09242991,63.49911212,47.09242991,53.69522558,46.94497583,60.83089332,73.2022834,61.30978571,62.28878584,64.53416128,58.98387579,67.01164914,61.75102556,63.97968591,65.86098981,67.11907117,73.33169916,81.05682396,61.30706182,70.9772443,66.5647394,60.91690736,69.90276894,46.25333436,79.1918757,59.15303244,69.39482052,71.23488591,76.07911208,76.78542685,76.85161476,66.99379447,59.81132189,61.28762621,63.84908468,68.85237502,69.95999401,72.8710322,67.29976186,66.81948074,59.15303244,73.94813103,79.1918757,68.72339893
0.64,80.9987506,46.92599476,63.34996341,46.92599476,53.54707755,46.78755247,60.66547364,73.11755371,61.11278335,62.10159404,64.35932101,58.79047634,66.83005075,61.58801181,63.81529101,65.70305166,66.96470024,73.23969059,80.9987506,61.13444332,70.85535916,66.41656658,60.76517332,69.76373655,46.09586405,79.06965922,59.03560852,69.28071217,71.14206062,75.98644173,76.66893486,76.74064884,66.8722005,59.71840825,61.17151247,63.73473845,68.71439848,69.8669775,72.7513163,67.18961115,66.72652955,59.03560852,73.79164167,79.06965922,68.59141883
0.65,80.92515593,46.77109434,63.20165313,46.77109434,53.3978407,46.63263245,60.49581607,73.02827826,60.91718298,61.91638403,64.18542591,58.59870001,66.64694307,61.42709203,63.65226445,65.54696297,66.81678849,73.14796337,80.92515593,60.96295326,70.73624908,66.27048031,60.62069821,69.62671431,45.94081361,78.9487495,58.92047884,69.16776281,71.0500256,75.89431052,76.55311117,76.63074761,66.75361989,59.62985481,61.05658156,63.62321747,68.57565592,69.77286372,72.63291942,67.08064181,66.63482322,58.92047884,73.63687666,78.9487495,68.45749008
0.66,80.82328083,46.61163337,63.05133582,46.61163337,53.24337708,46.47083784,60.30659134,72.93114854,60.72286575,61.73324102,64.01223904,58.40846637,66.46148306,61.26815114,63.4907924,65.39263396,66.67263317,73.05641448,80.82328083,60.79274671,70.62070611,66.12648916,60.48272354,69.49159952,45.78822281,78.82910243,58.80753318,69.05556074,70.95865471,75.80274582,76.43796771,76.52195439,66.63755855,59.54211373,60.94180014,63.51371869,68.4362731,69.67676562,72.51580672,66.97282307,66.54432322,58.80753318,73.48392041,78.82910243,68.32147111
0.67,80.68156524,46.46377507,62.90294166,46.46377507,53.08580111,46.32178233,60.15609662,72.83329509,60.52971283,61.55225024,63.83952343,58.21969498,66.2728457,61.11107403,63.33106453,65.23997678,66.5289147,72.96494091,80.68156524,60.62397872,70.50952227,65.98460171,60.35049086,69.35828947,45.63813139,78.71067388,58.6966613,68.94377318,70.86782186,75.71177504,76.32351642,76.4143125,66.52352238,59.45163717,60.82718505,63.40525247,68.29637573,69.5777961,72.39994337,66.86612418,66.45499398,58.6966613,73.3328461,78.71067388,68.18370649
0.68,80.51386064,46.3167262,62.75469992,46.3167262,52.9290886,46.17153279,59.99611725,72.74274276,60.33763872,61.37349688,63.66704217,58.0323054,66.08140309,60.9557456,63.17327052,65.08890384,66.38231352,72.87343963,80.51386064,60.45680434,70.40339072,65.84482653,60.22324168,69.22668145,45.4905791,78.59341975,58.58775299,68.83212888,70.77740091,75.62142556,76.20976927,76.30786527,66.4110173,59.35587512,60.71277609,63.29681045,68.15608952,69.47506809,72.28529592,66.76051563,66.36680048,58.58775299,73.18372692,78.59341975,68.04458168
0.69,80.35789796,46.1693076,62.60687439,46.1693076,52.77859234,46.01366882,59.7923637,72.66315697,60.146729,61.19706615,63.49464246,57.8462172,65.88945176,60.80205077,63.01760004,64.93932757,66.22951005,72.78180764,80.35789796,60.29137864,70.30206386,65.7071722,60.10021754,69.09667276,45.34560571,78.47729591,58.48069803,68.7206045,70.68726576,75.53172477,76.09673818,76.20265601,66.29954919,59.25642394,60.59861346,63.18738429,68.01559963,69.36769478,72.17183408,66.65597066,66.27970966,58.48069803,73.03663605,78.47729591,67.9044821
0.7,80.23268931,46.02431658,62.46375717,46.02431658,52.63126484,45.87279111,59.62463953,72.58556303,59.95712396,61.02304328,63.32245641,57.66134994,65.69946208,60.64987444,62.86424277,64.79116038,66.06718472,72.68994191,80.23268931,60.12785667,70.20477345,65.57164279,59.98065996,68.9681607,45.20325096,78.36225825,58.37538619,68.60929099,70.59729028,75.44270006,75.98443511,76.09872807,66.18862396,59.15595689,60.48476643,63.0760117,67.8755309,69.25513802,72.05952797,66.55246288,66.19369029,58.37538619,72.89164667,78.36225825,67.76379318
0.71,80.12851445,45.87716494,62.32168471,45.87716494,52.47482998,45.74309732,59.46212029,72.49870841,59.76896391,60.85151347,63.15067635,57.47762319,65.51390445,60.4991015,62.71338836,64.64431469,65.89202169,72.59773973,80.12851445,59.96639349,70.11074575,65.43818023,59.86381048,68.84104254,45.0635546,78.24826265,58.27170724,68.49841613,70.50734838,75.35437881,75.872872,75.99612475,66.07774752,59.05714721,60.37135186,62.96277243,67.7367053,69.13789819,71.9483479,66.44996604,66.10871158,58.27170724,72.74883198,78.24826265,67.62290038
0.72,80.03463636,45.73844476,62.17817968,45.73844476,52.31106611,45.61137275,59.27638709,72.39280798,59.58238918,60.68256193,62.97949462,57.29495651,65.33524926,60.34961704,62.5652265,64.49870293,65.70300079,72.50517258,80.03463636,59.80714415,70.019207,65.30668121,59.74891062,68.7152156,44.92655639,78.13526499,58.16955097,68.38826774,70.41731609,75.26678843,75.7620608,75.89488938,65.96644545,58.96243053,60.258491,62.84877863,67.59994574,69.01666808,71.8382664,66.34845592,66.02474499,58.16955097,72.60826515,78.13526499,67.48218911
0.73,79.94311912,45.61202979,62.03853495,45.61202979,52.15517831,45.47367551,59.17370766,72.27138895,59.39754008,60.51627387,62.80910357,57.11326946,65.16596688,60.20133087,62.41994501,64.35423752,65.50529898,72.41238307,79.94311912,59.6502637,69.92938346,65.17704138,59.6352019,68.59057716,44.79229609,78.02322117,58.06880716,68.27902832,70.3271295,75.1799563,75.65201054,75.79506529,65.85452472,58.87206735,60.1463051,62.73518657,67.46607293,68.89214052,71.72925767,66.24790969,65.94176273,58.06880716,72.47001937,78.02322117,67.34204482
0.74,79.84835828,45.47805142,61.89522589,45.47805142,52.01204894,45.34004392,58.95617741,72.14506899,59.21455693,60.3527345,62.63969553,56.9324816,65.00772424,60.05420274,62.27755049,64.21083103,65.3051286,72.31953785,79.84835828,59.49590722,69.84050136,65.04915638,59.52192587,68.46702451,44.66081344,77.91208706,57.96936557,68.17080762,70.23679082,75.09390981,75.54270587,75.69669579,65.74200259,58.78515128,60.03499023,62.62315251,67.33551053,68.76500832,71.62129596,66.14830459,65.85973792,57.96936557,72.33416782,77.91208706,67.20285295
0.75,79.74879309,45.3443286,61.75676259,45.3443286,51.87658603,45.21192076,58.80101096,72.0245318,59.03358003,60.19202903,62.47146283,56.75251251,64.85887835,59.90819841,62.13771861,64.06842404,65.10870194,72.2268036,79.74879309,59.34422974,69.75178697,64.92292188,59.40832404,68.34445495,44.5321482,77.80181855,57.87111599,68.0636863,70.1463057,75.00867635,75.43411927,75.59982422,65.62890131,58.70076477,59.9251159,62.51383274,67.20782543,68.6359643,71.51435606,66.04961834,65.7786455,57.87111599,72.20078369,77.80181855,67.06499892
0.76,79.64162233,45.21766607,61.62101222,45.21766607,51.74858685,45.07619144,58.6438675,71.9198695,58.85474971,60.03424228,62.30459782,56.57328174,64.71693409,59.76328367,62.00008977,63.92701614,64.92223134,72.13434696,79.64162233,59.19538634,69.66246653,64.79823352,59.29363975,68.22276577,44.40633848,77.69237152,57.77394819,67.95774225,70.05567977,74.9242833,75.32622312,75.5044939,65.51524316,58.61799795,59.81736795,62.40832245,67.08247304,68.50570127,71.40841497,65.95183061,65.69846073,57.77394819,72.06993821,77.69237152,66.92886818
0.77,79.52030045,45.08325791,61.48673184,45.08325791,51.63153262,44.95118346,58.45225552,71.83098789,58.67820628,59.87936685,62.13929283,56.39470886,64.57939631,59.61942428,61.86430439,63.78661439,64.75192911,72.04233461,79.52030045,59.04953205,69.57176628,64.67498695,59.17736913,68.10185426,44.28335736,77.58370332,57.67775203,67.8530047,69.96491865,74.84075807,75.21898979,75.41074814,65.40105043,58.53623477,59.71243224,62.30678364,66.95890873,68.37491204,71.30345018,65.85492148,65.6191601,57.67775203,71.94153515,77.58370332,66.79482108
0.78,79.383162,44.96000572,61.35616633,44.96000572,51.5173358,44.82361877,58.2988641,71.74924484,58.50409007,59.72718604,61.97574021,56.21671343,64.44376986,59.47658602,61.73000286,63.64722585,64.60400756,71.9509332,79.383162,58.90681341,69.47891418,64.55307784,59.05951923,67.98161772,44.16309253,77.47577596,57.58243703,67.74944795,69.87402798,74.75812803,75.11239168,75.31863028,65.28634537,58.45523829,59.61096167,62.20865001,66.83657797,68.24428943,71.19943924,65.75887109,65.5407212,57.58243703,71.81518435,77.47577596,66.6629456
0.79,79.23539663,44.83634629,61.22681612,44.83634629,51.3916551,44.69971837,58.14765383,71.6689355,58.33254138,59.57745422,61.81413229,56.03921501,64.30755962,59.33473466,61.5968256,63.50885758,64.48380494,71.86030938,79.23539663,58.76722411,69.38348939,64.43240183,58.94015874,67.86195345,44.04542588,77.36855235,57.48795864,67.64698539,69.7830134,74.67642058,75.00640117,75.22818363,65.17115027,58.37479668,59.51281567,62.11333597,66.71482485,68.11452625,71.09636097,65.66366072,65.46312195,57.48795864,71.69046588,77.36855235,66.53316263
0.8,79.08263554,44.70275059,61.09737625,44.70275059,51.26152409,44.57942379,57.96979351,71.58996041,58.16370052,59.42992578,61.6546614,55.86213318,64.16834793,59.19383596,61.46441302,63.37151666,64.38861367,71.77062983,79.08263554,58.63062606,69.285852,64.31285458,58.81935631,67.74275873,43.93023933,77.26199541,57.39427883,67.54547575,69.69188053,74.59565394,74.90099063,75.13945153,65.0554874,58.29469808,59.41704029,62.02025478,66.59293418,67.98626063,70.99419595,65.56927317,65.38634192,57.39427883,71.56695982,77.26199541,66.40539065
0.81,78.93050992,44.58611377,60.97076947,44.58611377,51.14326793,44.45269383,57.80376198,71.51278521,57.99770783,59.28435508,61.4975199,55.68538748,64.02524252,59.05385571,61.33240552,63.23521015,64.31139007,71.6820612,78.93050992,58.4968768,69.18646732,64.19433173,58.6971806,67.62393259,43.81741477,77.15606805,57.30135957,67.44473884,69.60063501,74.51579825,74.79613244,75.05247729,64.93937904,58.21468915,59.3226446,61.92862599,66.47019003,67.85978892,70.89292488,65.47569137,65.31036136,57.30135957,71.44424624,77.15606805,66.27954814
0.82,78.78427951,44.46589345,60.84629812,44.46589345,51.02656198,44.33054273,57.65359649,71.43761347,57.83470361,59.14049653,61.3429001,55.50897503,63.87874593,58.91476664,61.20044395,63.09994512,64.24504843,71.59477015,78.78427951,58.36583391,69.08580065,64.07672895,58.57370028,67.5054152,43.7068341,77.05073319,57.20916284,67.34455107,69.50928247,74.43680798,74.691799,74.96730424,64.82284746,58.13434006,59.22863773,61.83725471,66.34587645,67.7352758,70.79252852,65.38289829,65.23516062,57.20916284,71.32190522,77.05073319,66.15555356
0.83,78.64478161,44.33559335,60.72206369,44.33559335,50.89053633,44.2136122,57.5106108,71.36171332,57.67482818,58.9981045,61.19099436,55.33367153,63.72941206,58.77658633,61.06832109,62.96572862,64.18250305,71.50892334,78.64478161,58.23735493,68.98431731,63.95994188,58.44898402,67.38718853,43.59837922,76.94595373,57.1176506,67.24470194,69.41782854,74.35863758,74.58796268,74.8839757,64.70591494,58.05317412,59.13425157,61.74489264,66.21937692,67.61288567,70.69298821,65.29087739,65.1607204,57.1176506,71.19951682,76.94595373,66.03332539
0.84,78.50995006,44.24583546,60.59821779,44.24583546,50.74470138,44.09791756,57.33778386,71.28070183,57.51822185,58.85693336,61.04199502,55.16070234,63.57779479,58.63935008,60.93620374,62.83258151,64.1166682,71.42468744,78.50995006,58.11129743,68.88248259,63.84386617,58.32310047,67.26923643,43.49193203,76.84169261,57.02678484,67.14509547,69.32627886,74.28124151,74.48459587,74.80253499,64.58860375,57.97071463,59.03947631,61.65030078,66.09125313,67.49278291,70.59428561,65.1996124,65.08702155,57.02678484,71.07666113,76.84169261,65.91278211
0.85,78.37766797,44.1221003,60.4722556,44.1221003,50.60770078,43.97947497,57.1448418,71.19289751,57.36501006,58.71673751,60.89609401,54.99129822,63.42444802,58.50309325,60.80431516,62.70057804,64.04045819,71.34222909,78.37766797,57.98751898,68.78076181,63.72839773,58.1961183,67.15154274,43.38737444,76.73791272,56.93652751,67.04575077,69.23463905,74.2045742,74.38167094,74.72302544,64.47093616,57.88665303,58.94446334,61.55309291,65.96283797,67.37513191,70.49640241,65.10908706,65.01404809,56.93652751,70.95291822,76.73791272,65.7938422
0.86,78.24581847,43.98712474,60.34842102,43.98712474,50.49000187,43.86145154,57.00191416,71.09866332,57.21511059,58.57727133,60.75337374,54.82668996,63.26992564,58.36785121,60.67287865,62.56980548,63.94830122,71.26171497,78.24581847,57.86587712,68.67962027,63.61345555,58.06810618,67.03409132,43.28458834,76.63457699,56.8468406,66.94685412,69.14291476,74.12859012,74.27916028,74.64549038,64.35293445,57.80197561,58.84936405,61.45441039,65.83547765,67.26009707,70.39932158,65.0192863,64.94178758,56.8468406,70.82786816,76.63457699,65.67642412
0.87,78.11228467,43.87896788,60.22563693,43.87896788,50.40019249,43.7464664,56.8287464,71.00003844,57.06828872,58.43828918,60.61365719,54.66810834,63.11476405,58.2336593,60.54211748,62.44035106,63.84146445,71.18329316,78.11228467,57.74622942,68.57952329,63.49900044,57.93913277,66.91686602,43.18345563,76.53164833,56.75768607,66.84863679,69.05111161,74.05324372,74.17703627,74.56996466,64.2346209,57.7182701,58.75433514,61.35555336,65.71051842,67.14784277,70.30303088,64.93019935,64.87022654,56.75768607,70.70109102,76.53164833,65.56044636
0.88,77.9749497,43.76623036,60.10398292,43.76623036,50.31703068,43.63527578,56.66505301,70.90272812,56.92430625,58.29954547,60.47672981,54.51678414,62.95940826,58.1005529,60.41225495,62.31230202,63.72314532,71.10692023,77.9749497,57.62843344,68.48093616,63.3849976,57.80926672,66.79985068,43.08385822,76.42908965,56.6690259,66.75132319,68.95923523,73.97848945,74.07527129,74.4963752,64.11601777,57.63712758,58.65963014,61.25782197,65.58920637,67.03853341,70.20751913,64.84181639,64.79934048,56.6690259,70.57216688,76.42908965,65.44582738
0.89,77.8318842,43.6491134,59.98240196,43.6491134,50.19214975,43.52720573,56.5191764,70.81293912,56.78292494,58.16079457,60.34237706,54.37394816,62.80427341,57.96856734,60.28351434,62.18574561,63.59654137,71.03243993,77.8318842,57.51234674,68.3843242,63.27141225,57.67857671,66.68302915,42.985678,76.32686388,56.58082206,66.65506953,68.86729127,73.90428175,73.97383773,74.4245744,63.99714735,57.56012431,58.56558697,61.16251637,65.47163401,66.93233337,70.11277508,64.7541275,64.72909902,56.58082206,70.44068132,76.32686388,65.33248567
0.9,77.68509001,43.54487128,59.86096407,43.54487128,50.03808505,43.40925796,56.35779741,70.73651722,56.64390657,58.02179085,60.21038438,54.24083116,62.64977466,57.83773801,60.15611892,62.06076908,63.46485012,70.95969453,77.68509001,57.39782687,68.29002422,63.1582096,57.5471314,66.56638529,42.88879687,76.22493392,56.49303653,66.55993607,68.77528535,73.83057509,73.87270796,74.35441323,63.87803191,57.48772094,58.47254638,61.07090701,65.35715448,66.82939517,70.01878124,64.66711707,64.65948447,56.49303653,70.3064827,76.22493392,65.2203397
0.91,77.54029902,43.4418671,59.74412135,43.4418671,49.91747835,43.29961722,56.2154854,70.67011262,56.50701292,57.88228871,60.08053721,54.11866392,62.49632716,57.70810023,60.030292,61.93745967,63.33126914,70.88852631,77.54029902,57.28473141,68.19791772,63.04535485,57.41499946,66.44990294,42.79309674,76.12326309,56.40563127,66.46582276,68.6832231,73.7573239,73.77185438,74.28574262,63.75869372,57.41850332,58.38084911,60.98326315,65.24510881,66.7296315,69.92551004,64.58076031,64.59052866,56.40563127,70.16979194,76.12326309,65.10930794
0.92,77.40339042,43.33113959,59.629839,43.33113959,49.84210795,43.19156058,56.06411811,70.6006545,56.37200577,57.74204252,59.95262101,54.00821915,62.34434606,57.57965451,59.90624704,61.81590461,63.19899596,70.81877756,77.40339042,57.17291791,68.10778534,62.93281322,57.28224954,66.33356594,42.69845951,76.02182093,56.31856826,66.372529,68.59111015,73.68448266,73.67124935,74.21841351,63.63915506,57.35087768,58.29070399,60.89863564,65.13483805,66.63273251,69.83293297,64.49503164,64.5222746,56.31856826,70.03085825,76.02182093,64.99930772
0.93,77.27998234,43.22531052,59.51441033,43.22531052,49.75486705,43.07894415,55.8856245,70.51461015,56.23864689,57.60080667,59.82642123,53.90855206,62.19424601,57.45228861,59.78398099,61.69618456,63.07101983,70.75029056,77.27998234,57.06224393,68.01940773,62.82054991,57.14895031,66.21735816,42.60476707,75.92058191,56.23180947,66.27981248,68.49895215,73.6120058,73.57086527,74.15227685,63.5194382,57.28325027,58.20176734,60.81600167,65.02570624,66.53837989,69.74102378,64.40990752,64.45467696,56.23180947,69.88993084,75.92058191,64.89023797
0.94,77.16866249,43.12667586,59.39915996,43.12667586,49.6388721,42.98132542,55.72520905,70.40460573,56.10669908,57.45834863,59.7017233,53.81831544,62.04625406,57.32586754,59.66327921,61.57822001,62.94804994,70.68290758,77.16866249,56.95256702,67.93256556,62.70853014,57.01517043,66.10126343,42.51190134,75.81952064,56.14531687,66.18743252,68.40675472,73.53984778,73.47067452,74.08718359,63.39956542,57.21417664,58.11355079,60.7343385,64.9172065,66.44625535,69.64979367,64.32539854,64.38752757,56.14531687,69.74725893,75.81952064,64.78198276
0.95,77.06038521,43.01659234,59.28380697,43.01659234,49.52624819,42.87373053,55.57867136,70.28173128,55.97594493,57.31466779,59.57831269,53.73616209,61.9001303,57.20025634,59.54391823,61.46176664,62.82938887,70.61647092,77.06038521,56.84374476,67.84703947,62.59671911,56.88097858,65.98526561,42.41974419,75.71861173,56.05905244,66.09523804,68.31452349,73.46796305,73.37064947,74.02298466,63.27955899,57.14341392,58.02556601,60.6528356,64.80887687,66.35604059,69.55928492,64.24154331,64.32062409,56.05905244,69.60309174,75.71861173,64.67442571
0.96,76.94879699,42.91049947,59.16961416,42.91049947,49.43389203,42.76510797,55.41639073,70.16052236,55.84618496,57.16996259,59.45597484,53.66074478,61.75556337,57.07532003,59.42567458,61.3465726,62.71431849,70.55082285,76.94879699,56.7356347,67.76261011,62.48508203,56.7464434,65.86934855,42.32817755,75.61782978,55.97297815,66.0031811,68.2222641,73.39630605,73.27076251,73.95953102,63.15944118,57.07129863,57.9373303,60.57135538,64.70025546,66.26741732,69.46954077,64.15838131,64.25425782,55.97297815,69.45767847,75.61782978,64.56745047
0.97,76.83392577,42.81623706,59.05890967,42.81623706,49.35470084,42.66650943,55.25742507,70.05551296,55.71722033,57.02443789,59.33449519,53.59071632,61.61224189,56.95092363,59.30832481,61.23238601,62.60212064,70.48580565,76.83392577,56.62809439,67.67905815,62.37358411,56.61163357,65.75349609,42.2370833,75.5171494,55.88705597,65.91126157,68.12998218,73.32483126,73.17098602,73.89667359,63.03923428,56.99817106,57.84860842,60.48989329,64.59088036,66.18006723,69.38058244,64.07593187,64.18919027,55.88705597,69.31126834,75.5171494,64.46094068
0.98,76.7165923,42.71215526,58.95118215,42.71215526,49.27454306,42.56666787,55.120667,69.97626817,55.5888522,56.87829857,59.2136592,53.52472949,61.46985451,56.82693215,59.19164543,61.11895501,62.49207721,70.42126161,76.7165923,56.52098141,67.59616422,62.26219057,56.47661775,65.63769208,42.14634335,75.4165452,55.80124787,65.81948017,68.03768336,73.25349311,73.07129239,73.83426334,62.91896055,56.92436768,57.7595036,60.40844481,64.48037808,66.09367203,69.29226843,63.99406649,64.12608539,55.80124787,69.16411057,75.4165452,64.35477997
0.99,76.59761733,42.60538348,58.84362202,42.60538348,49.17246146,42.45509869,54.97913172,69.91634483,55.46088174,56.73174951,59.09325231,53.46143708,61.32808985,56.70321063,59.07541299,61.00602774,62.38347005,70.35703301,76.59761733,56.4141533,67.51370899,62.1508666,56.3414646,65.52192038,42.0558396,75.31599179,55.71551582,65.72780343,67.94537328,73.18224605,72.97165399,73.7721512,62.79864228,56.85015526,57.6701435,60.32700539,64.36896378,66.00791342,69.2043842,63.9125907,64.06462133,55.71551582,69.01645438,75.31599179,64.24885199
1,76.47782161,42.56768045,58.73843327,42.56768045,49.04590339,42.349588,54.82129089,69.86608221,55.33311012,56.58499557,58.97305998,53.39949188,61.18663657,56.57962409,58.95940402,60.89335234,62.27558103,70.29296212,76.47782161,56.30746764,67.43147311,62.03957743,56.20624278,65.40616482,41.96545395,75.21546377,55.62982181,65.63617918,67.85305756,73.11104454,72.87204321,73.71018812,62.67830173,56.77573935,57.58065575,60.24557051,64.25709311,65.92247312,69.11671486,63.8313097,64.00397959,55.62982181,68.86854896,75.21546377,64.14304036
