,V1,V2,V3,V4,V5,V6,V7,V8,V9,V10,V11,V12,V13,V14,V15,V16,V17,V18,V19,V20,V21,V22,V23,V24,V25,V26,V27,V28,V29,V30,V31,V32,V33,V34,V35,V36,V37,V38,V39,V40,V41,V42,V43,V44,V45,V46,V47,V48,V49,V50,V51,V52,V53,V54,V55,V56,V57,V58,V59,V60,V61,V62,V63,V64,V65,V66,V67,V68,V69,V70,V71,V72,V73,V74,V75,V76,V77,V78,V79,V80,V81,V82,V83,V84,V85,V86,V87,V88,V89,V90,V91,V92,V93,V94,V95,V96,V97,V98,V99,V100,V101
1,1,1,1,1,1,1,1,1,1,1,1,1,1,1,1,1,1,1,1,1,1,1,1,1,1,1,1,1,1,1,1,1,1,1,1,1,1,1,1,1,1,1,1,1,1,1,1,1,1,1,1,1,1,1,1,1,1,1,1,1,1,1,1,1,1,1,1,1,1,1,1,1,1,1,1,1,1,1,1,1,1,1,1,1,1,1,1,1,1,1,1,1,1,1,1,1,1,1,1,1,1
2,0.766341097,1,1,1,1,1,1,1,1,1,1,1,1,1,1,1,1,1,1,1,1,1,1,1,1,1,1,1,1,1,1,1,1,1,1,1,1,1,1,1,1,1,1,1,1,1,1,1,1,1,1,1,1,1,1,1,1,1,1,1,1,1,1,1,1,1,1,1,1,1,1,1,1,1,1,1,1,1,1,1,1,1,1,1,1,1,1,1,1,1,1,1,1,1,1,1,1,1,1,1,1
3,0.283761815,0.741375838,1,1,1,1,1,1,1,1,1,1,1,1,1,1,1,1,1,1,1,1,1,1,1,1,1,1,1,1,1,1,1,1,1,1,1,1,1,1,1,1,1,1,1,1,1,1,1,1,1,1,1,1,1,1,1,1,1,1,1,1,1,1,1,1,1,1,1,1,1,1,1,1,1,1,1,1,1,1,1,1,1,1,1,1,1,1,1,1,1,1,1,1,1,1,1,1,1,1,1
4,0.099031773,0.273741504,0.760987989,1,1,1,1,1,1,1,1,1,1,1,1,1,1,1,1,1,1,1,1,1,1,1,1,1,1,1,1,1,1,1,1,1,1,1,1,1,1,1,1,1,1,1,1,1,1,1,1,1,1,1,1,1,1,1,1,1,1,1,1,1,1,1,1,1,1,1,1,1,1,1,1,1,1,1,1,1,1,1,1,1,1,1,1,1,1,1,1,1,1,1,1,1,1,1,1,1,1
5,0.03972298,0.099343601,0.293418018,0.787217284,1,1,1,1,1,1,1,1,1,1,1,1,1,1,1,1,1,1,1,1,1,1,1,1,1,1,1,1,1,1,1,1,1,1,1,1,1,1,1,1,1,1,1,1,1,1,1,1,1,1,1,1,1,1,1,1,1,1,1,1,1,1,1,1,1,1,1,1,1,1,1,1,1,1,1,1,1,1,1,1,1,1,1,1,1,1,1,1,1,1,1,1,1,1,1,1,1
6,0.01717058,0.040876511,0.117208627,0.339452048,0.813726452,1,1,1,1,1,1,1,1,1,1,1,1,1,1,1,1,1,1,1,1,1,1,1,1,1,1,1,1,1,1,1,1,1,1,1,1,1,1,1,1,1,1,1,1,1,1,1,1,1,1,1,1,1,1,1,1,1,1,1,1,1,1,1,1,1,1,1,1,1,1,1,1,1,1,1,1,1,1,1,1,1,1,1,1,1,1,1,1,1,1,1,1,1,1,1,1
7,0.010495953,0.022040521,0.053753183,0.149061662,0.397227641,0.844904026,1,1,1,1,1,1,1,1,1,1,1,1,1,1,1,1,1,1,1,1,1,1,1,1,1,1,1,1,1,1,1,1,1,1,1,1,1,1,1,1,1,1,1,1,1,1,1,1,1,1,1,1,1,1,1,1,1,1,1,1,1,1,1,1,1,1,1,1,1,1,1,1,1,1,1,1,1,1,1,1,1,1,1,1,1,1,1,1,1,1,1,1,1,1,1
8,0.007000779,0.012920515,0.027787872,0.068587933,0.187394631,0.447652444,0.86410233,1,1,1,1,1,1,1,1,1,1,1,1,1,1,1,1,1,1,1,1,1,1,1,1,1,1,1,1,1,1,1,1,1,1,1,1,1,1,1,1,1,1,1,1,1,1,1,1,1,1,1,1,1,1,1,1,1,1,1,1,1,1,1,1,1,1,1,1,1,1,1,1,1,1,1,1,1,1,1,1,1,1,1,1,1,1,1,1,1,1,1,1,1,1
9,0.005149767,0.009417796,0.017942666,0.038394951,0.094248599,0.225007224,0.492113971,0.881193118,1,1,1,1,1,1,1,1,1,1,1,1,1,1,1,1,1,1,1,1,1,1,1,1,1,1,1,1,1,1,1,1,1,1,1,1,1,1,1,1,1,1,1,1,1,1,1,1,1,1,1,1,1,1,1,1,1,1,1,1,1,1,1,1,1,1,1,1,1,1,1,1,1,1,1,1,1,1,1,1,1,1,1,1,1,1,1,1,1,1,1,1,1
10,0.004865642,0.007003916,0.011502033,0.024269091,0.050870806,0.118007937,0.26443951,0.540231041,0.899692727,1,1,1,1,1,1,1,1,1,1,1,1,1,1,1,1,1,1,1,1,1,1,1,1,1,1,1,1,1,1,1,1,1,1,1,1,1,1,1,1,1,1,1,1,1,1,1,1,1,1,1,1,1,1,1,1,1,1,1,1,1,1,1,1,1,1,1,1,1,1,1,1,1,1,1,1,1,1,1,1,1,1,1,1,1,1,1,1,1,1,1,1
11,0.003508968,0.005564658,0.009311357,0.015555423,0.032713914,0.066676382,0.143573091,0.305226985,0.581070231,0.909675783,1,1,1,1,1,1,1,1,1,1,1,1,1,1,1,1,1,1,1,1,1,1,1,1,1,1,1,1,1,1,1,1,1,1,1,1,1,1,1,1,1,1,1,1,1,1,1,1,1,1,1,1,1,1,1,1,1,1,1,1,1,1,1,1,1,1,1,1,1,1,1,1,1,1,1,1,1,1,1,1,1,1,1,1,1,1,1,1,1,1,1
12,0.003728635,0.005311135,0.007876512,0.011748901,0.022041538,0.044844321,0.090325646,0.176292509,0.341911957,0.608187749,0.921172282,1,1,1,1,1,1,1,1,1,1,1,1,1,1,1,1,1,1,1,1,1,1,1,1,1,1,1,1,1,1,1,1,1,1,1,1,1,1,1,1,1,1,1,1,1,1,1,1,1,1,1,1,1,1,1,1,1,1,1,1,1,1,1,1,1,1,1,1,1,1,1,1,1,1,1,1,1,1,1,1,1,1,1,1,1,1,1,1,1,1
13,0.002728627,0.003955146,0.00498368,0.007926565,0.014603648,0.027225637,0.055017598,0.1058483,0.201034537,0.372704109,0.63901359,0.923713073,1,1,1,1,1,1,1,1,1,1,1,1,1,1,1,1,1,1,1,1,1,1,1,1,1,1,1,1,1,1,1,1,1,1,1,1,1,1,1,1,1,1,1,1,1,1,1,1,1,1,1,1,1,1,1,1,1,1,1,1,1,1,1,1,1,1,1,1,1,1,1,1,1,1,1,1,1,1,1,1,1,1,1,1,1,1,1,1,1
14,0.002177312,0.003246483,0.004867427,0.007697539,0.011124374,0.018653347,0.034428828,0.066964148,0.122993313,0.232582738,0.408390616,0.661804622,0.931433561,1,1,1,1,1,1,1,1,1,1,1,1,1,1,1,1,1,1,1,1,1,1,1,1,1,1,1,1,1,1,1,1,1,1,1,1,1,1,1,1,1,1,1,1,1,1,1,1,1,1,1,1,1,1,1,1,1,1,1,1,1,1,1,1,1,1,1,1,1,1,1,1,1,1,1,1,1,1,1,1,1,1,1,1,1,1,1,1
15,0.001937323,0.002317516,0.003471363,0.005183526,0.007872365,0.011600945,0.021286586,0.042136194,0.078177574,0.139075249,0.257545277,0.442226753,0.68813096,0.939538791,1,1,1,1,1,1,1,1,1,1,1,1,1,1,1,1,1,1,1,1,1,1,1,1,1,1,1,1,1,1,1,1,1,1,1,1,1,1,1,1,1,1,1,1,1,1,1,1,1,1,1,1,1,1,1,1,1,1,1,1,1,1,1,1,1,1,1,1,1,1,1,1,1,1,1,1,1,1,1,1,1,1,1,1,1,1,1
16,0.001601339,0.002433235,0.002627034,0.003014631,0.00618875,0.010110122,0.01778699,0.030026906,0.056844111,0.102324316,0.176954156,0.289921917,0.466950519,0.718518962,0.945278411,1,1,1,1,1,1,1,1,1,1,1,1,1,1,1,1,1,1,1,1,1,1,1,1,1,1,1,1,1,1,1,1,1,1,1,1,1,1,1,1,1,1,1,1,1,1,1,1,1,1,1,1,1,1,1,1,1,1,1,1,1,1,1,1,1,1,1,1,1,1,1,1,1,1,1,1,1,1,1,1,1,1,1,1,1,1
17,0.002358903,0.002771651,0.003662841,0.004141282,0.006459443,0.008953666,0.014080302,0.022667654,0.04427971,0.072303283,0.115766774,0.197188953,0.323648787,0.498196964,0.727128347,0.947477079,1,1,1,1,1,1,1,1,1,1,1,1,1,1,1,1,1,1,1,1,1,1,1,1,1,1,1,1,1,1,1,1,1,1,1,1,1,1,1,1,1,1,1,1,1,1,1,1,1,1,1,1,1,1,1,1,1,1,1,1,1,1,1,1,1,1,1,1,1,1,1,1,1,1,1,1,1,1,1,1,1,1,1,1,1
18,0.001065934,0.001285617,0.001560041,0.002815103,0.003599356,0.005867253,0.009501302,0.014921043,0.02625264,0.04370887,0.074756007,0.130671453,0.210212833,0.34325817,0.520283014,0.745967823,0.951983802,1,1,1,1,1,1,1,1,1,1,1,1,1,1,1,1,1,1,1,1,1,1,1,1,1,1,1,1,1,1,1,1,1,1,1,1,1,1,1,1,1,1,1,1,1,1,1,1,1,1,1,1,1,1,1,1,1,1,1,1,1,1,1,1,1,1,1,1,1,1,1,1,1,1,1,1,1,1,1,1,1,1,1,1
19,0.00119744,0.001937403,0.001937403,0.00261491,0.004058685,0.004798648,0.007267094,0.011901,0.019517075,0.030581919,0.050210499,0.079232357,0.135261282,0.226764723,0.357846284,0.535107218,0.759751051,0.959512923,1,1,1,1,1,1,1,1,1,1,1,1,1,1,1,1,1,1,1,1,1,1,1,1,1,1,1,1,1,1,1,1,1,1,1,1,1,1,1,1,1,1,1,1,1,1,1,1,1,1,1,1,1,1,1,1,1,1,1,1,1,1,1,1,1,1,1,1,1,1,1,1,1,1,1,1,1,1,1,1,1,1,1
20,0.001655548,0.001961545,0.002211296,0.002211296,0.002211296,0.002761672,0.005833096,0.008282923,0.010376353,0.022057168,0.039614967,0.061290253,0.09587959,0.154337717,0.239424106,0.381072327,0.561484939,0.780427417,0.957394865,1,1,1,1,1,1,1,1,1,1,1,1,1,1,1,1,1,1,1,1,1,1,1,1,1,1,1,1,1,1,1,1,1,1,1,1,1,1,1,1,1,1,1,1,1,1,1,1,1,1,1,1,1,1,1,1,1,1,1,1,1,1,1,1,1,1,1,1,1,1,1,1,1,1,1,1,1,1,1,1,1,1
21,0.001657488,0.002221401,0.002528904,0.003092817,0.003915151,0.004686392,0.006473907,0.008629385,0.01387127,0.021952138,0.034638643,0.052459004,0.076821777,0.116967881,0.182079139,0.273841245,0.411205914,0.587681447,0.796453223,0.960406535,1,1,1,1,1,1,1,1,1,1,1,1,1,1,1,1,1,1,1,1,1,1,1,1,1,1,1,1,1,1,1,1,1,1,1,1,1,1,1,1,1,1,1,1,1,1,1,1,1,1,1,1,1,1,1,1,1,1,1,1,1,1,1,1,1,1,1,1,1,1,1,1,1,1,1,1,1,1,1,1,1
22,0.000821915,0.000821915,0.001090732,0.00136728,0.001904915,0.002173732,0.003073862,0.004923734,0.008941875,0.012612932,0.020852014,0.031872444,0.047383155,0.07144264,0.11362645,0.179265331,0.272068062,0.396336513,0.573674128,0.795328819,0.95973514,1,1,1,1,1,1,1,1,1,1,1,1,1,1,1,1,1,1,1,1,1,1,1,1,1,1,1,1,1,1,1,1,1,1,1,1,1,1,1,1,1,1,1,1,1,1,1,1,1,1,1,1,1,1,1,1,1,1,1,1,1,1,1,1,1,1,1,1,1,1,1,1,1,1,1,1,1,1,1,1
23,0.001443591,0.001742634,0.00237714,0.00237714,0.00237714,0.003310689,0.004226093,0.00640271,0.008886038,0.011400926,0.017756741,0.024456312,0.038411636,0.052323893,0.085134087,0.134781929,0.207026627,0.301242052,0.433358171,0.609877706,0.80940284,0.966294136,1,1,1,1,1,1,1,1,1,1,1,1,1,1,1,1,1,1,1,1,1,1,1,1,1,1,1,1,1,1,1,1,1,1,1,1,1,1,1,1,1,1,1,1,1,1,1,1,1,1,1,1,1,1,1,1,1,1,1,1,1,1,1,1,1,1,1,1,1,1,1,1,1,1,1,1,1,1,1
24,0.001681063,0.002006584,0.002006584,0.002302092,0.002872024,0.003471969,0.005239787,0.007138532,0.00844626,0.010396102,0.013876999,0.017614464,0.024560819,0.037511073,0.06053613,0.085816023,0.13782498,0.207361863,0.305593722,0.451058174,0.615524923,0.815449122,0.968554639,1,1,1,1,1,1,1,1,1,1,1,1,1,1,1,1,1,1,1,1,1,1,1,1,1,1,1,1,1,1,1,1,1,1,1,1,1,1,1,1,1,1,1,1,1,1,1,1,1,1,1,1,1,1,1,1,1,1,1,1,1,1,1,1,1,1,1,1,1,1,1,1,1,1,1,1,1,1
25,0.001555551,0.001863054,0.002197726,0.002197726,0.002532398,0.002839901,0.003482076,0.004459401,0.005345608,0.007616301,0.009832656,0.012908049,0.01745893,0.028134395,0.046223105,0.069593836,0.112759819,0.168269444,0.236775487,0.327975812,0.471084709,0.632837331,0.827947819,0.973733481,1,1,1,1,1,1,1,1,1,1,1,1,1,1,1,1,1,1,1,1,1,1,1,1,1,1,1,1,1,1,1,1,1,1,1,1,1,1,1,1,1,1,1,1,1,1,1,1,1,1,1,1,1,1,1,1,1,1,1,1,1,1,1,1,1,1,1,1,1,1,1,1,1,1,1,1,1
26,0.001368738,0.002527999,0.002527999,0.002882106,0.002882106,0.003488167,0.004145305,0.004802443,0.006270727,0.007590996,0.00865071,0.012765526,0.019396353,0.028715181,0.04263185,0.061125491,0.082745987,0.124852127,0.178422851,0.256349396,0.361574812,0.485378722,0.647963991,0.829057354,0.97136726,1,1,1,1,1,1,1,1,1,1,1,1,1,1,1,1,1,1,1,1,1,1,1,1,1,1,1,1,1,1,1,1,1,1,1,1,1,1,1,1,1,1,1,1,1,1,1,1,1,1,1,1,1,1,1,1,1,1,1,1,1,1,1,1,1,1,1,1,1,1,1,1,1,1,1,1
27,0,0.001501002,0.001501002,0.00181826,0.002135519,0.002135519,0.002135519,0.004209492,0.005583424,0.006613949,0.008764683,0.011488802,0.01666998,0.02234278,0.029453354,0.042390556,0.059939496,0.09004954,0.128409938,0.183129602,0.256300112,0.362692784,0.502361576,0.659493387,0.841845206,0.975980115,1,1,1,1,1,1,1,1,1,1,1,1,1,1,1,1,1,1,1,1,1,1,1,1,1,1,1,1,1,1,1,1,1,1,1,1,1,1,1,1,1,1,1,1,1,1,1,1,1,1,1,1,1,1,1,1,1,1,1,1,1,1,1,1,1,1,1,1,1,1,1,1,1,1,1
28,0.000665779,0.000665779,0.001405173,0.001405173,0.001405173,0.001405173,0.001405173,0.003251513,0.004040839,0.004432075,0.005097854,0.009076579,0.01092292,0.014726604,0.021378384,0.033574514,0.046356838,0.063716541,0.091376427,0.13024599,0.194317542,0.271627734,0.371931549,0.508744408,0.667161948,0.840807164,0.974109474,1,1,1,1,1,1,1,1,1,1,1,1,1,1,1,1,1,1,1,1,1,1,1,1,1,1,1,1,1,1,1,1,1,1,1,1,1,1,1,1,1,1,1,1,1,1,1,1,1,1,1,1,1,1,1,1,1,1,1,1,1,1,1,1,1,1,1,1,1,1,1,1,1,1
29,0.000420875,0.001636663,0.002510437,0.002510437,0.003292509,0.003689965,0.004905753,0.005326629,0.007764546,0.00957614,0.011219145,0.0145757,0.016579901,0.019865911,0.024027957,0.034044155,0.043934364,0.059821792,0.080181098,0.10528391,0.146112629,0.205618398,0.273002691,0.382734283,0.527405477,0.697498108,0.860280387,0.977051395,1,1,1,1,1,1,1,1,1,1,1,1,1,1,1,1,1,1,1,1,1,1,1,1,1,1,1,1,1,1,1,1,1,1,1,1,1,1,1,1,1,1,1,1,1,1,1,1,1,1,1,1,1,1,1,1,1,1,1,1,1,1,1,1,1,1,1,1,1,1,1,1,1
30,0.001580259,0.001941009,0.001941009,0.002721928,0.002721928,0.004018515,0.004018515,0.004516523,0.004516523,0.00501453,0.005890187,0.007831197,0.009968119,0.013763141,0.018631257,0.024321287,0.034080526,0.044286316,0.063590025,0.081305733,0.115299262,0.15718723,0.208119592,0.283407037,0.3878113,0.532319584,0.698058422,0.864381937,0.9775458,1,1,1,1,1,1,1,1,1,1,1,1,1,1,1,1,1,1,1,1,1,1,1,1,1,1,1,1,1,1,1,1,1,1,1,1,1,1,1,1,1,1,1,1,1,1,1,1,1,1,1,1,1,1,1,1,1,1,1,1,1,1,1,1,1,1,1,1,1,1,1,1
31,0.000366032,0.000849591,0.000849591,0.000849591,0.000849591,0.000849591,0.000849591,0.000849591,0.000849591,0.001947688,0.003626274,0.004089237,0.004089237,0.005940832,0.008275987,0.010708072,0.018504747,0.029040648,0.039976629,0.055987246,0.082305017,0.118710853,0.16618024,0.226102509,0.303202682,0.404657103,0.539766161,0.706953993,0.869488771,0.981080883,1,1,1,1,1,1,1,1,1,1,1,1,1,1,1,1,1,1,1,1,1,1,1,1,1,1,1,1,1,1,1,1,1,1,1,1,1,1,1,1,1,1,1,1,1,1,1,1,1,1,1,1,1,1,1,1,1,1,1,1,1,1,1,1,1,1,1,1,1,1,1
32,0.000473485,0.000473485,0.000473485,0.001022935,0.001022935,0.001022935,0.001506494,0.002444144,0.002444144,0.002993594,0.002993594,0.003477153,0.004414803,0.005664685,0.007085893,0.010724102,0.017526477,0.025171141,0.03699339,0.048967571,0.06721312,0.091968568,0.119471267,0.163204458,0.221536547,0.304932443,0.417300522,0.551512164,0.712943763,0.871996264,0.980645672,1,1,1,1,1,1,1,1,1,1,1,1,1,1,1,1,1,1,1,1,1,1,1,1,1,1,1,1,1,1,1,1,1,1,1,1,1,1,1,1,1,1,1,1,1,1,1,1,1,1,1,1,1,1,1,1,1,1,1,1,1,1,1,1,1,1,1,1,1,1
33,0.00106628,0.001580683,0.001580683,0.001580683,0.001580683,0.001580683,0.001580683,0.001580683,0.001580683,0.002622755,0.002622755,0.004203438,0.0051028,0.006597595,0.007149472,0.00989597,0.015346255,0.020152691,0.025812607,0.032560477,0.041118011,0.068048019,0.09124104,0.125754143,0.173897037,0.242946052,0.33659983,0.448256966,0.574739869,0.721398446,0.878059706,0.982001926,1,1,1,1,1,1,1,1,1,1,1,1,1,1,1,1,1,1,1,1,1,1,1,1,1,1,1,1,1,1,1,1,1,1,1,1,1,1,1,1,1,1,1,1,1,1,1,1,1,1,1,1,1,1,1,1,1,1,1,1,1,1,1,1,1,1,1,1,1
34,0,0,0,0.000469925,0.000469925,0.000998466,0.000998466,0.001527007,0.001527007,0.001996932,0.00363425,0.0045741,0.005102641,0.005572566,0.007764013,0.008703862,0.014111329,0.017628346,0.022513674,0.034360102,0.046986926,0.062810822,0.086901685,0.1163048,0.157347803,0.20040515,0.256827475,0.341686133,0.451175748,0.59544497,0.7421002,0.884535748,0.98116816,1,1,1,1,1,1,1,1,1,1,1,1,1,1,1,1,1,1,1,1,1,1,1,1,1,1,1,1,1,1,1,1,1,1,1,1,1,1,1,1,1,1,1,1,1,1,1,1,1,1,1,1,1,1,1,1,1,1,1,1,1,1,1,1,1,1,1,1
35,0.00109075,0.001643848,0.001643848,0.001643848,0.001643848,0.00221203,0.00221203,0.00286648,0.003419577,0.003972675,0.004408975,0.004977157,0.006854239,0.008716237,0.009284419,0.010811469,0.014362928,0.016138657,0.02131852,0.027025909,0.034580571,0.04495574,0.060952029,0.085183002,0.111214915,0.15225444,0.202710265,0.270039218,0.352625392,0.475723563,0.590759229,0.741217177,0.879977051,0.986017632,1,1,1,1,1,1,1,1,1,1,1,1,1,1,1,1,1,1,1,1,1,1,1,1,1,1,1,1,1,1,1,1,1,1,1,1,1,1,1,1,1,1,1,1,1,1,1,1,1,1,1,1,1,1,1,1,1,1,1,1,1,1,1,1,1,1,1
36,0.001880888,0.002490644,0.002490644,0.002490644,0.002490644,0.002490644,0.002490644,0.002490644,0.002490644,0.002490644,0.002490644,0.004371532,0.005694283,0.006304039,0.00931045,0.011119247,0.013474518,0.016513063,0.01832186,0.022662685,0.02708201,0.034117116,0.049819369,0.068352703,0.09391829,0.116500791,0.153940733,0.20190511,0.271362154,0.356128152,0.468601405,0.602167512,0.756199436,0.892177675,0.980323084,1,1,1,1,1,1,1,1,1,1,1,1,1,1,1,1,1,1,1,1,1,1,1,1,1,1,1,1,1,1,1,1,1,1,1,1,1,1,1,1,1,1,1,1,1,1,1,1,1,1,1,1,1,1,1,1,1,1,1,1,1,1,1,1,1,1
37,0,0,0,0,0,0.00064433,0.00064433,0.001231184,0.001870571,0.001870571,0.001870571,0.003044279,0.003044279,0.003683666,0.00427052,0.005496761,0.007831329,0.009644424,0.015981059,0.019581549,0.022043918,0.02856583,0.034315612,0.048510408,0.064992183,0.086862225,0.121368438,0.163277852,0.218747619,0.275639391,0.364885122,0.465893075,0.590700565,0.754411758,0.904075962,0.982257246,1,1,1,1,1,1,1,1,1,1,1,1,1,1,1,1,1,1,1,1,1,1,1,1,1,1,1,1,1,1,1,1,1,1,1,1,1,1,1,1,1,1,1,1,1,1,1,1,1,1,1,1,1,1,1,1,1,1,1,1,1,1,1,1,1
38,0.001218824,0.001218824,0.001218824,0.001218824,0.001218824,0.001218824,0.00171095,0.002304774,0.002304774,0.002304774,0.002304774,0.002304774,0.002304774,0.004015725,0.004702538,0.006475301,0.007755939,0.0096304,0.015152625,0.016925389,0.019815278,0.020440278,0.025236858,0.035833577,0.048743241,0.070442228,0.106425045,0.133681942,0.171420618,0.233686896,0.294723238,0.373589989,0.478202422,0.613450827,0.747980718,0.888386571,0.989620973,1,1,1,1,1,1,1,1,1,1,1,1,1,1,1,1,1,1,1,1,1,1,1,1,1,1,1,1,1,1,1,1,1,1,1,1,1,1,1,1,1,1,1,1,1,1,1,1,1,1,1,1,1,1,1,1,1,1,1,1,1,1,1,1
39,0.00143605,0.00143605,0.00143605,0.00143605,0.002604954,0.002604954,0.002604954,0.002604954,0.002604954,0.002604954,0.003367149,0.004050209,0.004812404,0.005495464,0.006178524,0.008218499,0.008218499,0.011188144,0.013207584,0.017178658,0.021812257,0.02780277,0.034308868,0.046140831,0.055844478,0.072777177,0.093818388,0.117499784,0.146067229,0.193742307,0.254995507,0.337222113,0.416795909,0.517136165,0.633010356,0.770339786,0.902047828,0.982088532,1,1,1,1,1,1,1,1,1,1,1,1,1,1,1,1,1,1,1,1,1,1,1,1,1,1,1,1,1,1,1,1,1,1,1,1,1,1,1,1,1,1,1,1,1,1,1,1,1,1,1,1,1,1,1,1,1,1,1,1,1,1,1
40,0,0,0.000555556,0.000555556,0.001301824,0.001301824,0.001301824,0.001301824,0.002798844,0.002798844,0.003545112,0.003545112,0.003545112,0.003545112,0.003545112,0.003545112,0.004295863,0.006348438,0.008396584,0.009698408,0.013048379,0.0171491,0.022724589,0.035034478,0.041169952,0.050295036,0.067825668,0.085170016,0.112528578,0.136172327,0.17273823,0.228072154,0.302350234,0.387916201,0.498535065,0.623229262,0.759486707,0.9069196,0.987347626,1,1,1,1,1,1,1,1,1,1,1,1,1,1,1,1,1,1,1,1,1,1,1,1,1,1,1,1,1,1,1,1,1,1,1,1,1,1,1,1,1,1,1,1,1,1,1,1,1,1,1,1,1,1,1,1,1,1,1,1,1,1
41,0,0,0,0,0,0,0,0,0,0,0,0.000764526,0.000764526,0.00138181,0.00138181,0.002074331,0.002074331,0.002074331,0.004295903,0.004295903,0.005677713,0.008002944,0.013493062,0.017924276,0.02072278,0.027952497,0.038355803,0.063518496,0.0839928,0.117094115,0.158025943,0.198992655,0.265510693,0.333352706,0.429521986,0.543117266,0.67108939,0.802335215,0.917850125,0.985973591,1,1,1,1,1,1,1,1,1,1,1,1,1,1,1,1,1,1,1,1,1,1,1,1,1,1,1,1,1,1,1,1,1,1,1,1,1,1,1,1,1,1,1,1,1,1,1,1,1,1,1,1,1,1,1,1,1,1,1,1,1
42,0,0.000681199,0.000681199,0.000681199,0.000681199,0.000681199,0.001362398,0.001362398,0.001362398,0.001362398,0.001362398,0.001362398,0.00224268,0.00224268,0.002923878,0.003605077,0.004244464,0.006686226,0.006686226,0.006686226,0.008170207,0.009731687,0.01350016,0.018065289,0.025881089,0.034419899,0.03814656,0.054182774,0.065056286,0.083617888,0.103172959,0.140832252,0.188007067,0.244077179,0.311396375,0.41137157,0.545665444,0.667775562,0.793399514,0.91199969,0.986694382,1,1,1,1,1,1,1,1,1,1,1,1,1,1,1,1,1,1,1,1,1,1,1,1,1,1,1,1,1,1,1,1,1,1,1,1,1,1,1,1,1,1,1,1,1,1,1,1,1,1,1,1,1,1,1,1,1,1,1,1
43,0.001683187,0.001683187,0.001683187,0.001683187,0.001683187,0.001683187,0.001683187,0.001683187,0.003366375,0.003989816,0.005373136,0.005996577,0.005996577,0.005996577,0.006756456,0.006756456,0.006756456,0.008276213,0.009036091,0.009659532,0.0111571,0.014022105,0.01565611,0.020843626,0.025731274,0.031902359,0.039669378,0.049492341,0.056270986,0.071194211,0.091618952,0.123868845,0.15810331,0.22040745,0.264003119,0.345015755,0.434191895,0.545572525,0.675548908,0.820022257,0.918535641,0.982838498,1,1,1,1,1,1,1,1,1,1,1,1,1,1,1,1,1,1,1,1,1,1,1,1,1,1,1,1,1,1,1,1,1,1,1,1,1,1,1,1,1,1,1,1,1,1,1,1,1,1,1,1,1,1,1,1,1,1,1
44,0.001449853,0.001449853,0.001449853,0.002148177,0.002148177,0.002148177,0.002148177,0.002148177,0.002148177,0.002148177,0.002148177,0.002148177,0.002148177,0.002794172,0.002794172,0.002794172,0.003492496,0.003492496,0.003492496,0.004138491,0.004138491,0.005749224,0.007199077,0.009455805,0.015365908,0.021802808,0.030553381,0.038235973,0.050214919,0.069227446,0.081632271,0.102197171,0.132697498,0.163903781,0.217551234,0.274585111,0.346273784,0.433427917,0.543725201,0.663257483,0.789620751,0.909988802,0.981791331,1,1,1,1,1,1,1,1,1,1,1,1,1,1,1,1,1,1,1,1,1,1,1,1,1,1,1,1,1,1,1,1,1,1,1,1,1,1,1,1,1,1,1,1,1,1,1,1,1,1,1,1,1,1,1,1,1,1
45,0,0,0,0,0,0,0,0.000819672,0.000819672,0.000819672,0.000819672,0.001715729,0.001715729,0.001715729,0.002592922,0.002592922,0.003339191,0.003339191,0.004216384,0.004216384,0.004216384,0.005839846,0.009867785,0.010614053,0.013898705,0.016360703,0.026209624,0.032256779,0.037519009,0.05086981,0.069766843,0.09008363,0.110475875,0.142808733,0.190862428,0.242926945,0.30155902,0.385759264,0.487335267,0.580048621,0.699755596,0.814685114,0.926383239,0.986124069,1,1,1,1,1,1,1,1,1,1,1,1,1,1,1,1,1,1,1,1,1,1,1,1,1,1,1,1,1,1,1,1,1,1,1,1,1,1,1,1,1,1,1,1,1,1,1,1,1,1,1,1,1,1,1,1,1
46,0.002475248,0.002475248,0.002475248,0.002475248,0.002475248,0.002475248,0.002475248,0.002475248,0.002475248,0.002475248,0.002475248,0.002475248,0.002475248,0.004373334,0.005198417,0.005198417,0.005198417,0.006131253,0.007064088,0.008822007,0.008822007,0.011545176,0.013184227,0.015907396,0.017837898,0.022200118,0.026853789,0.031161971,0.037206771,0.047247001,0.066642548,0.087919931,0.104252883,0.126425314,0.165414735,0.201929837,0.248015846,0.307710946,0.38091956,0.464068896,0.57269608,0.693871242,0.822352266,0.923308049,0.988925245,1,1,1,1,1,1,1,1,1,1,1,1,1,1,1,1,1,1,1,1,1,1,1,1,1,1,1,1,1,1,1,1,1,1,1,1,1,1,1,1,1,1,1,1,1,1,1,1,1,1,1,1,1,1,1,1
47,0.000694444,0.000694444,0.000694444,0.000694444,0.000694444,0.000694444,0.000694444,0.000694444,0.000694444,0.001744865,0.001744865,0.001744865,0.002795285,0.002795285,0.002795285,0.002795285,0.002795285,0.002795285,0.002795285,0.002795285,0.002795285,0.002795285,0.002795285,0.002795285,0.00512757,0.006872435,0.006872435,0.013666132,0.018808646,0.027700621,0.042069524,0.056772733,0.069606657,0.089362862,0.10900788,0.145238846,0.184377885,0.227928378,0.277178919,0.36244125,0.462559499,0.58273801,0.699057231,0.83037501,0.9328412,0.988893544,1,1,1,1,1,1,1,1,1,1,1,1,1,1,1,1,1,1,1,1,1,1,1,1,1,1,1,1,1,1,1,1,1,1,1,1,1,1,1,1,1,1,1,1,1,1,1,1,1,1,1,1,1,1,1
48,0,0,0,0,0,0,0,0,0,0.000957854,0.000957854,0.000957854,0.000957854,0.000957854,0.000957854,0.000957854,0.000957854,0.000957854,0.000957854,0.00200388,0.00200388,0.003114991,0.004226102,0.006229981,0.008298947,0.010874924,0.012966974,0.016654063,0.020661822,0.024371995,0.03333121,0.039175435,0.051970532,0.076487163,0.097553669,0.127598,0.165866509,0.20020728,0.247687209,0.310616372,0.395194138,0.482658553,0.583833928,0.693127149,0.820203695,0.913414175,0.984694012,1,1,1,1,1,1,1,1,1,1,1,1,1,1,1,1,1,1,1,1,1,1,1,1,1,1,1,1,1,1,1,1,1,1,1,1,1,1,1,1,1,1,1,1,1,1,1,1,1,1,1,1,1,1
49,0,0.000833333,0.000833333,0.000833333,0.000833333,0.000833333,0.000833333,0.000833333,0.000833333,0.000833333,0.000833333,0.000833333,0.000833333,0.000833333,0.000833333,0.000833333,0.000833333,0.000833333,0.000833333,0.000833333,0.001934655,0.001934655,0.00388406,0.004985381,0.006101453,0.009434917,0.012485643,0.01415231,0.018512691,0.024882001,0.033320026,0.041594622,0.05263642,0.064913599,0.090673052,0.104736076,0.135272446,0.171940555,0.221212568,0.262226177,0.325129799,0.421531361,0.501563746,0.613516559,0.733832337,0.837079662,0.931977462,0.987068321,1,1,1,1,1,1,1,1,1,1,1,1,1,1,1,1,1,1,1,1,1,1,1,1,1,1,1,1,1,1,1,1,1,1,1,1,1,1,1,1,1,1,1,1,1,1,1,1,1,1,1,1,1
50,0.001201923,0.001201923,0.001201923,0.001201923,0.001201923,0.001201923,0.001201923,0.001201923,0.001201923,0.002370147,0.002370147,0.002370147,0.002370147,0.002370147,0.002370147,0.003538372,0.004740295,0.004740295,0.005590635,0.005590635,0.005590635,0.005590635,0.005590635,0.005590635,0.005590635,0.005590635,0.00676988,0.009128371,0.011157956,0.017043797,0.019096061,0.02589964,0.036751368,0.050620034,0.067391303,0.090659923,0.105832966,0.140385619,0.180357475,0.224673323,0.280928798,0.343409096,0.427231828,0.511269854,0.612859153,0.725311616,0.838042339,0.925092647,0.990871629,1,1,1,1,1,1,1,1,1,1,1,1,1,1,1,1,1,1,1,1,1,1,1,1,1,1,1,1,1,1,1,1,1,1,1,1,1,1,1,1,1,1,1,1,1,1,1,1,1,1,1,1
51,0,0.001054852,0.001054852,0.001054852,0.001054852,0.001054852,0.001054852,0.001054852,0.001054852,0.001054852,0.001054852,0.001054852,0.001054852,0.001054852,0.001054852,0.001054852,0.001054852,0.001054852,0.001054852,0.002206926,0.002206926,0.004413852,0.004413852,0.006383229,0.007251285,0.009271414,0.011240791,0.011240791,0.014451817,0.017760065,0.020784295,0.028354138,0.035017102,0.041396049,0.048841776,0.066597559,0.081874326,0.095742106,0.123706649,0.15634624,0.206166142,0.259294081,0.326620404,0.388194712,0.481833141,0.606526396,0.723433126,0.826954111,0.937954666,0.992351475,1,1,1,1,1,1,1,1,1,1,1,1,1,1,1,1,1,1,1,1,1,1,1,1,1,1,1,1,1,1,1,1,1,1,1,1,1,1,1,1,1,1,1,1,1,1,1,1,1,1,1
52,0,0,0,0.000996016,0.000996016,0.000996016,0.000996016,0.000996016,0.000996016,0.000996016,0.000996016,0.000996016,0.002278067,0.002278067,0.002278067,0.002278067,0.002278067,0.002278067,0.003274083,0.003274083,0.00450561,0.00450561,0.00450561,0.00450561,0.00450561,0.00450561,0.005501626,0.008065729,0.011616652,0.013844195,0.017395117,0.026244288,0.03054652,0.032815391,0.038694905,0.047181132,0.0720779,0.087042096,0.107171359,0.144555344,0.175945025,0.226380568,0.276455332,0.325385071,0.403150546,0.506468962,0.618383607,0.724828759,0.824006752,0.92457239,0.990753268,1,1,1,1,1,1,1,1,1,1,1,1,1,1,1,1,1,1,1,1,1,1,1,1,1,1,1,1,1,1,1,1,1,1,1,1,1,1,1,1,1,1,1,1,1,1,1,1,1,1
53,0.001237624,0.001237624,0.001237624,0.001237624,0.001237624,0.001237624,0.001237624,0.001237624,0.002475248,0.002475248,0.002475248,0.002475248,0.002475248,0.002475248,0.002475248,0.002475248,0.002475248,0.002475248,0.002475248,0.002475248,0.002475248,0.003638038,0.003638038,0.004946939,0.004946939,0.006184563,0.006184563,0.006184563,0.006184563,0.008269644,0.009432435,0.010595225,0.019708771,0.024655709,0.033158145,0.043438038,0.057037079,0.074345435,0.087389238,0.113804027,0.147519347,0.179239824,0.218428714,0.274953972,0.333485922,0.414171663,0.505456772,0.617827272,0.731857129,0.847225518,0.937991537,0.98631072,1,1,1,1,1,1,1,1,1,1,1,1,1,1,1,1,1,1,1,1,1,1,1,1,1,1,1,1,1,1,1,1,1,1,1,1,1,1,1,1,1,1,1,1,1,1,1,1,1
54,0,0,0,0,0,0,0,0,0,0,0,0,0,0,0,0,0,0.001282051,0.002564103,0.002564103,0.002564103,0.002564103,0.003801726,0.003801726,0.003801726,0.003801726,0.003801726,0.006321401,0.006321401,0.008841076,0.011746504,0.015592658,0.018112333,0.024913724,0.031962203,0.042856837,0.05134131,0.068186055,0.090713163,0.115433898,0.140326739,0.172154845,0.202478985,0.241281994,0.292079093,0.356383425,0.440597476,0.513094764,0.637189308,0.753087196,0.859016397,0.95067794,0.991396931,1,1,1,1,1,1,1,1,1,1,1,1,1,1,1,1,1,1,1,1,1,1,1,1,1,1,1,1,1,1,1,1,1,1,1,1,1,1,1,1,1,1,1,1,1,1,1,1
55,0.00152439,0.00152439,0.002806442,0.002806442,0.004136229,0.004136229,0.004136229,0.004136229,0.004136229,0.004136229,0.004136229,0.004136229,0.004136229,0.004136229,0.005660619,0.005660619,0.005660619,0.005660619,0.005660619,0.005660619,0.005660619,0.005660619,0.005660619,0.005660619,0.005660619,0.007185009,0.007185009,0.011078899,0.011078899,0.011078899,0.012408686,0.017289817,0.019364505,0.02202408,0.029519417,0.03804973,0.044310751,0.04790983,0.05668485,0.070486577,0.093611254,0.12035408,0.149043904,0.178855764,0.2202312,0.264136152,0.327614438,0.389075475,0.479536558,0.594344776,0.68504938,0.808763878,0.92038852,0.992251543,1,1,1,1,1,1,1,1,1,1,1,1,1,1,1,1,1,1,1,1,1,1,1,1,1,1,1,1,1,1,1,1,1,1,1,1,1,1,1,1,1,1,1,1,1,1,1
56,0,0,0,0,0,0,0,0,0,0,0,0,0,0,0,0,0,0,0,0,0,0,0.001533742,0.001533742,0.001533742,0.002514134,0.004789863,0.004789863,0.004789863,0.00828439,0.013101668,0.016938554,0.024157869,0.025453206,0.03550666,0.045029119,0.049846396,0.059445394,0.066984714,0.082879903,0.093229031,0.106777012,0.12797135,0.154297447,0.195941052,0.236224372,0.293425867,0.359438333,0.443862098,0.524656985,0.641330644,0.725101984,0.841685356,0.929233874,0.985926084,1,1,1,1,1,1,1,1,1,1,1,1,1,1,1,1,1,1,1,1,1,1,1,1,1,1,1,1,1,1,1,1,1,1,1,1,1,1,1,1,1,1,1,1,1,1
57,0,0,0,0,0,0,0,0,0,0,0,0,0,0,0,0,0,0,0,0,0,0,0,0.001162791,0.001162791,0.001162791,0.001162791,0.001162791,0.001162791,0.001162791,0.001162791,0.004091675,0.009653939,0.013503911,0.013503911,0.022808542,0.028624801,0.038948137,0.045685483,0.052664533,0.066180735,0.091732172,0.101627814,0.126993655,0.154145562,0.191864814,0.241761868,0.286819464,0.338162522,0.430730919,0.532923249,0.652485971,0.758825296,0.853943264,0.943434393,0.99334104,1,1,1,1,1,1,1,1,1,1,1,1,1,1,1,1,1,1,1,1,1,1,1,1,1,1,1,1,1,1,1,1,1,1,1,1,1,1,1,1,1,1,1,1,1
58,0.002136752,0.002136752,0.002136752,0.002136752,0.002136752,0.002136752,0.002136752,0.002136752,0.002136752,0.002136752,0.002136752,0.002136752,0.002136752,0.002136752,0.002136752,0.003205128,0.003205128,0.003205128,0.003205128,0.003205128,0.003205128,0.003205128,0.003205128,0.003205128,0.003205128,0.004917457,0.006354239,0.006354239,0.006354239,0.007758733,0.008827109,0.010263891,0.013072879,0.014509661,0.015578037,0.021167731,0.024284554,0.02535293,0.038402079,0.045124723,0.050102751,0.061407284,0.075617667,0.090103597,0.102500237,0.132046923,0.167883273,0.20885108,0.269012828,0.340527119,0.444057939,0.516226668,0.627057435,0.71641664,0.845068589,0.936288449,0.980471467,1,1,1,1,1,1,1,1,1,1,1,1,1,1,1,1,1,1,1,1,1,1,1,1,1,1,1,1,1,1,1,1,1,1,1,1,1,1,1,1,1,1,1,1
59,0.001748252,0.001748252,0.003686236,0.003686236,0.003686236,0.003686236,0.003686236,0.005434488,0.005434488,0.005434488,0.005434488,0.005434488,0.005434488,0.005434488,0.005434488,0.005434488,0.005434488,0.005434488,0.005434488,0.005434488,0.005434488,0.005434488,0.005434488,0.00718274,0.00718274,0.00718274,0.00718274,0.008930991,0.008930991,0.008930991,0.008930991,0.01163586,0.014536186,0.014536186,0.016088981,0.01879385,0.024995222,0.029047621,0.033500742,0.041254909,0.048798088,0.059241592,0.069318933,0.087321148,0.100699536,0.129179813,0.149871365,0.187236627,0.230191552,0.285944219,0.369416003,0.456307221,0.523005703,0.621270061,0.745768594,0.8432816,0.936905335,0.988584347,1,1,1,1,1,1,1,1,1,1,1,1,1,1,1,1,1,1,1,1,1,1,1,1,1,1,1,1,1,1,1,1,1,1,1,1,1,1,1,1,1,1,1
60,0,0,0,0,0,0,0,0,0,0,0,0,0,0,0,0,0,0,0,0,0,0,0,0,0,0,0,0,0.001572327,0.001572327,0.003144654,0.003144654,0.003144654,0.003144654,0.003144654,0.00582823,0.009013461,0.009013461,0.010134537,0.026478497,0.037637264,0.045128801,0.056343838,0.069593548,0.083623717,0.102746193,0.127114094,0.163589392,0.212274476,0.263161136,0.310295453,0.372210916,0.462993955,0.53267294,0.659220875,0.764411001,0.87862869,0.957051843,0.995703521,1,1,1,1,1,1,1,1,1,1,1,1,1,1,1,1,1,1,1,1,1,1,1,1,1,1,1,1,1,1,1,1,1,1,1,1,1,1,1,1,1,1
61,0.001196172,0.001196172,0.002702196,0.002702196,0.002702196,0.002702196,0.002702196,0.002702196,0.002702196,0.002702196,0.002702196,0.002702196,0.002702196,0.002702196,0.004294553,0.004294553,0.004294553,0.005800577,0.005800577,0.006996749,0.006996749,0.006996749,0.006996749,0.006996749,0.006996749,0.008192922,0.008192922,0.008192922,0.008192922,0.008192922,0.008192922,0.008192922,0.009698946,0.013171002,0.017752897,0.017752897,0.020145242,0.021737598,0.031383907,0.034459778,0.04063403,0.048336816,0.061858984,0.068942066,0.081974097,0.101377339,0.114548341,0.137140348,0.16316488,0.198640547,0.248075879,0.304583107,0.372653743,0.470874713,0.563593772,0.673736935,0.768070722,0.872599427,0.955105112,0.996101631,1,1,1,1,1,1,1,1,1,1,1,1,1,1,1,1,1,1,1,1,1,1,1,1,1,1,1,1,1,1,1,1,1,1,1,1,1,1,1,1,1
62,0,0,0,0,0,0,0,0,0,0,0,0,0,0,0,0,0,0,0,0,0,0,0,0.001838235,0.001838235,0.001838235,0.001838235,0.001838235,0.001838235,0.001838235,0.001838235,0.001838235,0.003430592,0.003430592,0.003430592,0.007107063,0.008945298,0.008945298,0.012295469,0.013526996,0.020142301,0.027908713,0.035755546,0.04189507,0.051138888,0.06583341,0.086718406,0.10159188,0.146412291,0.171301748,0.21361108,0.261832168,0.321627509,0.394505671,0.472723412,0.558163167,0.646167432,0.741531388,0.833177593,0.924001126,0.992938828,1,1,1,1,1,1,1,1,1,1,1,1,1,1,1,1,1,1,1,1,1,1,1,1,1,1,1,1,1,1,1,1,1,1,1,1,1,1,1,1
63,0,0,0,0,0,0,0.001470588,0.001470588,0.001470588,0.001470588,0.001470588,0.001470588,0.001470588,0.001470588,0.001470588,0.001470588,0.001470588,0.001470588,0.001470588,0.001470588,0.001470588,0.002941176,0.002941176,0.002941176,0.005882353,0.005882353,0.007734205,0.007734205,0.011618577,0.011618577,0.011618577,0.013651097,0.013651097,0.013651097,0.013651097,0.013651097,0.017716138,0.019748658,0.022689835,0.024722355,0.028787396,0.032290504,0.035626764,0.044713068,0.050282443,0.059549415,0.06932996,0.083376141,0.102277529,0.125277704,0.159957843,0.219789166,0.284655572,0.336142399,0.40498482,0.484544082,0.56653864,0.670516876,0.781102776,0.871650396,0.938238982,0.987472767,1,1,1,1,1,1,1,1,1,1,1,1,1,1,1,1,1,1,1,1,1,1,1,1,1,1,1,1,1,1,1,1,1,1,1,1,1,1,1
64,0,0,0,0,0,0,0,0,0,0,0,0,0,0,0,0,0,0,0,0,0,0,0,0.001412429,0.001412429,0.001412429,0.001412429,0.003605412,0.003605412,0.003605412,0.005798394,0.005798394,0.005798394,0.007210824,0.009403806,0.009403806,0.010816236,0.015837742,0.015837742,0.015837742,0.017746139,0.025456596,0.029065673,0.033879463,0.042094613,0.059928617,0.073288791,0.078102581,0.096994393,0.105624977,0.130585605,0.161636544,0.197844898,0.252091307,0.301957189,0.367659041,0.4556504,0.542648428,0.646166388,0.733307656,0.866349335,0.930850139,0.988052255,1,1,1,1,1,1,1,1,1,1,1,1,1,1,1,1,1,1,1,1,1,1,1,1,1,1,1,1,1,1,1,1,1,1,1,1,1,1
65,0.001592357,0.001592357,0.001592357,0.001592357,0.001592357,0.001592357,0.001592357,0.001592357,0.001592357,0.001592357,0.001592357,0.001592357,0.001592357,0.001592357,0.001592357,0.001592357,0.001592357,0.001592357,0.001592357,0.001592357,0.001592357,0.001592357,0.001592357,0.001592357,0.001592357,0.001592357,0.001592357,0.001592357,0.002867867,0.002867867,0.002867867,0.007141371,0.007141371,0.007141371,0.008416881,0.010553634,0.010553634,0.0134215,0.015013857,0.015013857,0.015013857,0.018338548,0.018338548,0.025304775,0.028629466,0.029904976,0.040150878,0.047433952,0.06892032,0.08789995,0.103599905,0.136637189,0.157429335,0.188961835,0.228102378,0.284676937,0.3597807,0.454035299,0.525322382,0.622082985,0.742688594,0.843623554,0.93982646,0.991898239,1,1,1,1,1,1,1,1,1,1,1,1,1,1,1,1,1,1,1,1,1,1,1,1,1,1,1,1,1,1,1,1,1,1,1,1,1
66,0,0,0,0,0,0,0,0,0,0,0,0,0,0,0,0,0,0,0,0,0,0,0,0,0,0,0,0,0,0.001824818,0.003824818,0.005649635,0.005649635,0.005649635,0.007111623,0.007111623,0.007111623,0.009611623,0.009611623,0.009611623,0.009611623,0.009611623,0.011436441,0.013261258,0.021185235,0.023185235,0.039934029,0.055007641,0.065969629,0.072294447,0.109017693,0.131890575,0.172398216,0.19794628,0.251977056,0.29942355,0.343931191,0.396114014,0.481802685,0.57463032,0.683178789,0.773219618,0.880557306,0.953182418,0.989038012,1,1,1,1,1,1,1,1,1,1,1,1,1,1,1,1,1,1,1,1,1,1,1,1,1,1,1,1,1,1,1,1,1,1,1,1
67,0,0,0,0,0,0,0,0,0,0,0,0,0,0,0,0,0,0,0,0,0,0,0,0,0,0,0,0,0,0,0,0,0.002,0.002,0.002,0.004,0.004,0.005445087,0.005445087,0.007429214,0.009429214,0.011429214,0.011429214,0.014060793,0.015505879,0.021474133,0.024903347,0.042195551,0.056074415,0.064042669,0.077625214,0.094113806,0.106713639,0.133154611,0.16962463,0.21377841,0.268223879,0.30363169,0.361298226,0.457476741,0.562628203,0.632744709,0.738715527,0.856381348,0.933506464,0.989862542,1,1,1,1,1,1,1,1,1,1,1,1,1,1,1,1,1,1,1,1,1,1,1,1,1,1,1,1,1,1,1,1,1,1,1
68,0,0,0,0,0,0,0,0,0,0,0,0,0,0,0,0,0,0,0,0,0,0,0,0,0,0,0,0,0,0,0,0,0,0,0,0,0,0,0,0,0.002155172,0.004310345,0.008477011,0.010342683,0.013932041,0.013932041,0.019458909,0.023048266,0.030368967,0.040422149,0.055860214,0.072876142,0.089384907,0.109770838,0.145950645,0.173946778,0.210699489,0.250188066,0.313286755,0.380060411,0.465344846,0.554997241,0.636895304,0.762326274,0.877036737,0.953266398,0.994832779,1,1,1,1,1,1,1,1,1,1,1,1,1,1,1,1,1,1,1,1,1,1,1,1,1,1,1,1,1,1,1,1,1,1
69,0,0,0,0,0,0,0,0,0,0,0,0,0,0,0,0,0,0,0,0,0,0,0,0,0,0,0,0,0,0,0,0.001404494,0.001404494,0.001404494,0.001404494,0.001404494,0.001404494,0.001404494,0.001404494,0.001404494,0.002808989,0.002808989,0.009289404,0.014191364,0.019844131,0.021248625,0.022653119,0.0251041,0.0251041,0.03216136,0.040660728,0.045701859,0.062051347,0.078654462,0.101165586,0.135482247,0.162605299,0.20103106,0.239382802,0.307247867,0.368619605,0.462297521,0.550711026,0.659841188,0.775480906,0.879057037,0.948500556,0.988691644,1,1,1,1,1,1,1,1,1,1,1,1,1,1,1,1,1,1,1,1,1,1,1,1,1,1,1,1,1,1,1,1,1
70,0,0,0,0,0,0,0,0,0,0,0,0,0,0,0,0,0,0.00204918,0.00204918,0.00204918,0.00204918,0.00204918,0.00204918,0.00204918,0.00204918,0.00204918,0.00204918,0.00204918,0.00204918,0.00204918,0.00204918,0.00204918,0.00204918,0.00204918,0.00204918,0.00204918,0.00204918,0.00204918,0.00204918,0.00204918,0.00204918,0.00204918,0.00204918,0.00204918,0.004098361,0.004098361,0.004098361,0.004098361,0.008196721,0.010245902,0.020760487,0.040548517,0.04717213,0.065366739,0.094901942,0.116118188,0.138302992,0.166080355,0.223037941,0.259714598,0.316589375,0.386750803,0.472414826,0.555990242,0.654425419,0.744667775,0.858113061,0.95260257,0.996088714,1,1,1,1,1,1,1,1,1,1,1,1,1,1,1,1,1,1,1,1,1,1,1,1,1,1,1,1,1,1,1,1
71,0,0,0,0,0,0,0,0,0,0,0,0,0,0,0,0,0,0,0,0,0,0,0,0,0,0,0,0,0,0.002336449,0.002336449,0.002336449,0.002336449,0.002336449,0.002336449,0.004672897,0.004672897,0.004672897,0.007009346,0.007009346,0.011357172,0.01369362,0.01369362,0.015275899,0.015275899,0.019786261,0.024485426,0.028592957,0.028592957,0.030175236,0.037562189,0.046180082,0.04776236,0.06215866,0.068413836,0.10876402,0.126188609,0.155876238,0.196869548,0.221665386,0.259087487,0.314247364,0.371739869,0.465722965,0.549021478,0.649607268,0.750522996,0.834863644,0.920546276,0.99466153,1,1,1,1,1,1,1,1,1,1,1,1,1,1,1,1,1,1,1,1,1,1,1,1,1,1,1,1,1,1,1
72,0,0,0,0,0,0,0,0,0,0,0,0,0,0,0,0,0,0,0,0,0,0,0,0,0,0,0,0,0,0,0,0,0,0,0,0,0,0,0,0,0,0,0.00204918,0.00204918,0.00204918,0.006739081,0.006739081,0.010916933,0.012594786,0.012594786,0.012594786,0.021833866,0.023511719,0.035143636,0.050530258,0.062674224,0.082723075,0.099354993,0.123468647,0.169274461,0.210920685,0.252178305,0.298125826,0.351775296,0.419326075,0.513383346,0.629235041,0.731254522,0.846678558,0.940010449,0.989454395,1,1,1,1,1,1,1,1,1,1,1,1,1,1,1,1,1,1,1,1,1,1,1,1,1,1,1,1,1,1
73,0,0,0,0,0,0,0,0,0,0,0,0,0,0,0,0,0,0,0,0,0,0,0,0,0.00297619,0.00297619,0.00297619,0.00297619,0.00297619,0.00297619,0.005312639,0.005312639,0.005312639,0.005312639,0.005312639,0.005312639,0.005312639,0.005312639,0.005312639,0.005312639,0.005312639,0.005312639,0.005312639,0.009233971,0.009233971,0.009233971,0.009233971,0.013802563,0.017723895,0.017723895,0.026310606,0.026310606,0.035440272,0.047003174,0.053260955,0.063440067,0.084654164,0.113643078,0.131471279,0.15132301,0.209376203,0.256081495,0.285561868,0.344344073,0.421476007,0.496055364,0.578872055,0.674783721,0.765465628,0.856377572,0.924921667,0.993303571,1,1,1,1,1,1,1,1,1,1,1,1,1,1,1,1,1,1,1,1,1,1,1,1,1,1,1,1,1
74,0,0,0,0,0,0,0,0,0,0,0,0,0,0,0,0,0,0,0,0,0,0,0,0,0,0,0,0,0,0,0,0,0,0,0,0,0,0,0.002293578,0.002293578,0.004870898,0.004870898,0.007448217,0.007448217,0.007448217,0.007448217,0.010025537,0.012602856,0.015180176,0.015180176,0.020334815,0.022628393,0.03120769,0.03120769,0.033785009,0.044657884,0.05726074,0.06241538,0.078442893,0.100220062,0.144590317,0.180349857,0.208944922,0.237575292,0.316861636,0.390398327,0.459095538,0.560659809,0.6622555,0.742700456,0.860036031,0.947050448,0.989410867,1,1,1,1,1,1,1,1,1,1,1,1,1,1,1,1,1,1,1,1,1,1,1,1,1,1,1,1
75,0,0,0,0,0,0,0,0,0,0,0,0,0,0,0,0,0,0,0,0,0,0,0,0,0,0,0,0,0,0,0,0,0,0,0,0,0,0,0,0,0,0,0,0,0,0,0.011532738,0.011532738,0.011532738,0.014136905,0.019179211,0.022512544,0.022512544,0.02457866,0.032843123,0.041027647,0.045697929,0.056139684,0.080633732,0.097731946,0.107816558,0.122943477,0.149684548,0.174866317,0.216261314,0.28653323,0.390543462,0.465924218,0.540414453,0.658767587,0.772108176,0.8627317,0.957236816,0.994957694,1,1,1,1,1,1,1,1,1,1,1,1,1,1,1,1,1,1,1,1,1,1,1,1,1,1,1
76,0,0,0,0,0,0,0,0,0,0,0,0,0,0,0,0,0,0,0,0,0,0,0,0,0,0,0,0,0,0,0,0,0,0,0,0,0,0,0,0,0,0,0,0,0,0,0,0,0,0.002314815,0.009691697,0.011810341,0.016676238,0.018991053,0.02215561,0.027021507,0.029336321,0.03376978,0.040518054,0.048759812,0.060987458,0.094966687,0.124499179,0.156832299,0.181983113,0.207931889,0.272158792,0.354922796,0.459015775,0.555118397,0.653337807,0.760452809,0.855571859,0.93451588,0.989041256,1,1,1,1,1,1,1,1,1,1,1,1,1,1,1,1,1,1,1,1,1,1,1,1,1,1
77,0,0,0,0,0,0,0,0,0,0,0,0,0,0,0,0,0,0,0,0,0,0,0,0,0,0,0,0,0.003289474,0.003289474,0.003289474,0.003289474,0.006536227,0.006536227,0.006536227,0.006536227,0.006536227,0.006536227,0.006536227,0.006536227,0.006536227,0.006536227,0.006536227,0.006536227,0.006536227,0.006536227,0.006536227,0.006536227,0.009167806,0.01245728,0.01245728,0.015088859,0.018378332,0.024299385,0.024299385,0.024299385,0.031414395,0.036513,0.038364852,0.042848282,0.05391066,0.062298739,0.082285259,0.102149946,0.130073922,0.165928711,0.196934888,0.26009215,0.347889927,0.410809853,0.513989203,0.609797537,0.700592707,0.836910142,0.93420483,0.979154642,1,1,1,1,1,1,1,1,1,1,1,1,1,1,1,1,1,1,1,1,1,1,1,1,1
78,0,0,0,0,0,0,0,0,0,0,0,0,0,0,0,0,0,0,0,0,0,0,0,0,0,0,0,0,0,0,0,0,0,0,0,0,0,0,0,0,0,0,0,0.002808989,0.002808989,0.002808989,0.002808989,0.002808989,0.002808989,0.002808989,0.002808989,0.005617978,0.005617978,0.005617978,0.005617978,0.008195297,0.010973075,0.013550394,0.018905492,0.027991932,0.046365272,0.054761027,0.064047926,0.077397862,0.095833624,0.124810333,0.155611254,0.201749179,0.253369523,0.335421084,0.412638985,0.518343368,0.632222551,0.753263937,0.872048984,0.944623902,0.994845361,1,1,1,1,1,1,1,1,1,1,1,1,1,1,1,1,1,1,1,1,1,1,1,1
79,0,0,0,0,0,0,0,0,0,0,0,0,0,0,0,0,0,0,0,0,0,0,0,0,0,0,0,0,0,0,0,0,0,0,0,0,0,0,0,0,0,0,0,0,0,0,0,0,0,0,0,0,0,0,0,0,0.002173913,0.002173913,0.004951691,0.010778249,0.022223446,0.040568042,0.049839326,0.069555998,0.081407087,0.113804918,0.153779042,0.179457161,0.223812737,0.273674902,0.348356883,0.450034315,0.55190972,0.620053397,0.735027024,0.858972699,0.941482083,0.997826087,1,1,1,1,1,1,1,1,1,1,1,1,1,1,1,1,1,1,1,1,1,1,1
80,0,0,0,0,0,0,0,0,0,0,0,0,0,0,0,0,0,0,0,0,0,0,0,0,0,0,0,0,0,0,0,0,0,0,0,0,0,0,0,0,0,0,0,0,0,0,0,0,0,0.002403846,0.002403846,0.005828504,0.005828504,0.005828504,0.009117977,0.015832109,0.015832109,0.015832109,0.015832109,0.026868946,0.03289777,0.040309629,0.042713475,0.065472456,0.076374109,0.115715643,0.15203807,0.190358792,0.226423272,0.292167973,0.352427186,0.425629674,0.480963341,0.567773326,0.657614837,0.761613246,0.865341287,0.9660547,0.991902834,1,1,1,1,1,1,1,1,1,1,1,1,1,1,1,1,1,1,1,1,1,1
81,0,0,0,0,0,0,0,0,0,0,0,0,0,0,0,0,0,0,0,0,0,0,0,0,0,0,0,0,0,0,0,0,0,0,0,0,0,0,0,0,0,0,0,0,0,0,0,0,0,0,0.00257732,0.00257732,0.009182226,0.009182226,0.009182226,0.009182226,0.009182226,0.009182226,0.009182226,0.009182226,0.009182226,0.014864778,0.02312465,0.028742627,0.037002499,0.051571033,0.063626822,0.076976759,0.108065036,0.137961687,0.185004192,0.251834788,0.334884561,0.421738553,0.528908207,0.621736672,0.739595092,0.84130954,0.955831058,0.99742268,1,1,1,1,1,1,1,1,1,1,1,1,1,1,1,1,1,1,1,1,1
82,0,0,0,0,0,0,0,0,0,0,0,0,0,0,0,0,0,0,0,0,0,0,0,0,0,0,0,0,0,0,0,0,0,0,0,0,0,0,0,0,0,0,0,0,0,0,0,0,0,0,0,0,0.002631579,0.002631579,0.002631579,0.002631579,0.002631579,0.005263158,0.005263158,0.005263158,0.007894737,0.007894737,0.007894737,0.020381382,0.030852873,0.042165008,0.051473937,0.054946159,0.079345901,0.094130258,0.146444838,0.181316071,0.220500169,0.297842864,0.376988445,0.484779858,0.575465306,0.692117212,0.825337382,0.939004864,0.99332265,1,1,1,1,1,1,1,1,1,1,1,1,1,1,1,1,1,1,1,1
83,0,0,0,0,0,0,0,0,0,0,0,0,0,0,0,0,0,0,0,0,0,0,0,0,0,0,0,0,0,0,0,0,0,0,0,0,0,0,0,0,0,0,0,0,0,0,0,0.00462963,0.00462963,0.00462963,0.00462963,0.00712963,0.00712963,0.00712963,0.00712963,0.00712963,0.00712963,0.009970539,0.009970539,0.009970539,0.009970539,0.009970539,0.012811448,0.021334175,0.021334175,0.028804714,0.043009259,0.055479798,0.066161616,0.078632155,0.094654882,0.136982323,0.169368687,0.234877946,0.297887205,0.359814815,0.47861532,0.590765993,0.693261785,0.866515152,0.953724747,0.990029461,1,1,1,1,1,1,1,1,1,1,1,1,1,1,1,1,1,1,1
84,0,0,0,0,0,0,0,0,0,0,0,0,0,0,0,0,0,0,0,0,0,0,0,0,0,0,0,0,0,0,0,0,0,0,0,0,0,0,0,0,0,0,0,0,0,0,0,0,0,0.002475248,0.002475248,0.002475248,0.002475248,0.002475248,0.002475248,0.002475248,0.002475248,0.002475248,0.002475248,0.002475248,0.002475248,0.005722001,0.005722001,0.005722001,0.009820361,0.02049233,0.030554835,0.040617341,0.043334732,0.062123847,0.080016281,0.090930921,0.143512105,0.166722353,0.230263251,0.291122312,0.365532249,0.454597912,0.557697954,0.671345843,0.781504307,0.900793568,0.996753247,1,1,1,1,1,1,1,1,1,1,1,1,1,1,1,1,1,1
85,0,0,0,0,0,0,0,0,0,0,0,0,0,0,0,0,0,0,0,0,0,0,0,0,0,0,0,0,0,0,0,0,0,0,0,0,0,0,0,0,0,0,0,0,0,0,0,0,0,0,0,0,0,0,0,0,0,0,0.00257732,0.00257732,0.006001977,0.006001977,0.006001977,0.006001977,0.012673388,0.02107478,0.029476173,0.040231738,0.040231738,0.049292627,0.053198877,0.071340529,0.105828735,0.118314282,0.165120068,0.186488599,0.282702859,0.377445582,0.473233429,0.598690777,0.705853938,0.829956987,0.930023707,0.991420703,1,1,1,1,1,1,1,1,1,1,1,1,1,1,1,1,1
86,0,0,0,0,0,0,0,0,0,0,0,0,0,0,0,0,0,0,0,0,0,0,0,0,0,0,0,0,0,0,0,0,0,0,0,0,0,0,0,0,0,0,0,0,0,0,0,0,0,0,0,0,0,0,0,0,0,0,0,0.002906977,0.002906977,0.002906977,0.002906977,0.002906977,0.009317233,0.009317233,0.009317233,0.012522361,0.018634466,0.025871853,0.031983958,0.046034571,0.062463182,0.068575287,0.096802521,0.142583648,0.200440359,0.281046524,0.371739269,0.461686185,0.548538577,0.7000162,0.815029929,0.916053157,0.979010152,1,1,1,1,1,1,1,1,1,1,1,1,1,1,1,1
87,0,0,0,0,0,0,0,0,0,0,0,0,0,0,0,0,0,0,0,0,0,0,0,0,0,0,0,0,0,0,0,0,0,0,0,0,0,0,0,0,0,0,0,0,0,0,0,0,0,0,0,0,0,0,0,0,0,0,0,0,0,0,0,0,0,0,0.011779081,0.011779081,0.011779081,0.028149747,0.030958736,0.042949403,0.058066007,0.064121749,0.088012314,0.111465115,0.139116375,0.192999377,0.271331526,0.359238478,0.438295292,0.547268365,0.69194176,0.815518359,0.902699783,0.991376903,1,1,1,1,1,1,1,1,1,1,1,1,1,1,1
88,0,0,0,0,0,0,0,0,0,0,0,0,0,0,0,0,0,0,0,0,0,0,0,0,0,0,0,0,0,0,0,0,0,0,0,0,0,0,0,0,0,0,0,0,0,0,0,0,0,0,0,0,0,0,0,0,0,0,0,0,0,0,0.002747253,0.002747253,0.002747253,0.009413919,0.009413919,0.012161172,0.012161172,0.012161172,0.015494505,0.015494505,0.035134113,0.049456458,0.057520974,0.073507255,0.086367352,0.144740493,0.197589222,0.235470588,0.314573193,0.381957955,0.507261161,0.642989789,0.799751291,0.904212189,0.995967742,1,1,1,1,1,1,1,1,1,1,1,1,1,1
89,0,0,0,0,0,0,0,0,0,0,0,0,0,0,0,0,0,0,0,0,0,0,0,0,0,0,0,0,0,0,0,0,0,0,0,0,0,0,0,0,0,0,0,0,0,0,0,0,0,0,0,0,0,0,0,0,0,0,0,0,0,0,0,0,0,0,0,0,0,0,0.0025,0.0025,0.005,0.013524096,0.025958449,0.039577586,0.045282715,0.068229116,0.10527431,0.156676162,0.214267341,0.285119346,0.377090489,0.485117529,0.644157263,0.783012321,0.923924658,0.988687783,1,1,1,1,1,1,1,1,1,1,1,1,1
90,0,0,0,0,0,0,0,0,0,0,0,0,0,0,0,0,0,0,0,0,0,0,0,0,0,0,0,0,0,0,0,0,0,0,0,0,0,0,0,0,0,0,0,0,0,0,0,0,0,0,0,0,0,0,0,0,0,0,0,0,0,0,0,0,0,0,0,0,0,0,0,0.005102041,0.007790213,0.017226573,0.017226573,0.017226573,0.020849762,0.037578147,0.050744704,0.099131055,0.143955578,0.180761233,0.250871002,0.344467959,0.45703403,0.615102124,0.762843416,0.906127339,0.975694345,1,1,1,1,1,1,1,1,1,1,1,1
91,0,0,0,0,0,0,0,0,0,0,0,0,0,0,0,0,0,0,0,0,0,0,0,0,0,0,0,0,0,0,0,0,0,0,0,0,0,0,0,0,0,0,0,0,0,0,0,0,0,0,0,0,0,0,0,0,0,0,0,0,0,0,0,0,0,0,0,0,0,0,0,0,0,0,0.002840909,0.00651738,0.013034759,0.019721822,0.030085356,0.043753989,0.061470464,0.089518468,0.125017376,0.188296643,0.275268709,0.416588179,0.535273816,0.721800752,0.889632832,0.989466783,1,1,1,1,1,1,1,1,1,1,1
92,0,0,0,0,0,0,0,0,0,0,0,0,0,0,0,0,0,0,0,0,0,0,0,0,0,0,0,0,0,0,0,0,0,0,0,0,0,0,0,0,0,0,0,0,0,0,0,0,0,0,0,0,0,0,0,0,0,0,0,0,0,0,0,0,0,0,0,0,0,0,0,0,0,0,0,0,0,0.003472222,0.018066515,0.024479914,0.027528694,0.042230591,0.073450701,0.102791726,0.155602383,0.247424478,0.382717599,0.520947912,0.732640882,0.87075263,0.978884704,1,1,1,1,1,1,1,1,1,1
93,0,0,0,0,0,0,0,0,0,0,0,0,0,0,0,0,0,0,0,0,0,0,0,0,0,0,0,0,0,0,0,0,0,0,0,0,0,0,0,0,0,0,0,0,0,0,0,0,0,0,0,0,0,0,0,0,0,0,0,0,0,0,0,0,0,0,0,0,0,0,0,0,0,0,0,0,0,0.003731343,0.013018242,0.024390897,0.027231806,0.046067148,0.062733815,0.074987885,0.103550295,0.151218609,0.219005352,0.306368725,0.470814757,0.633727601,0.821054226,0.958956301,1,1,1,1,1,1,1,1,1
94,0,0,0,0,0,0,0,0,0,0,0,0,0,0,0,0,0,0,0,0,0,0,0,0,0,0,0,0,0,0,0,0,0,0,0,0,0,0,0,0,0,0,0,0,0,0,0,0,0,0,0,0,0,0,0,0,0,0,0,0,0,0,0,0,0,0,0,0,0,0,0,0,0,0,0,0,0,0,0,0,0.00304878,0.005680359,0.008805359,0.026416078,0.043609596,0.056033376,0.073150674,0.145378691,0.247564987,0.427735879,0.659447208,0.844247433,0.983223684,1,1,1,1,1,1,1,1
95,0,0,0,0,0,0,0,0,0,0,0,0,0,0,0,0,0,0,0,0,0,0,0,0,0,0,0,0,0,0,0,0,0,0,0,0,0,0,0,0,0,0,0,0,0,0,0,0,0,0,0,0,0,0,0,0,0,0,0,0,0,0,0,0,0,0,0,0,0,0,0,0,0,0,0,0,0,0,0,0,0,0,0,0.004901961,0.007352941,0.015776029,0.043622611,0.078131006,0.153177911,0.267819521,0.375314602,0.574448663,0.788609614,0.954110757,1,1,1,1,1,1,1
96,0,0,0,0,0,0,0,0,0,0,0,0,0,0,0,0,0,0,0,0,0,0,0,0,0,0,0,0,0,0,0,0,0,0,0,0,0,0,0,0,0,0,0,0,0,0,0,0,0,0,0,0,0,0,0,0,0,0,0,0,0,0,0,0,0,0,0,0,0,0,0,0,0,0,0,0,0,0,0,0,0,0,0,0,0,0.002475248,0.015153046,0.017628293,0.041368167,0.118032216,0.218657347,0.327755523,0.502975873,0.768474651,0.952181564,1,1,1,1,1,1
97,0,0,0,0,0,0,0,0,0,0,0,0,0,0,0,0,0,0,0,0,0,0,0,0,0,0,0,0,0,0,0,0,0,0,0,0,0,0,0,0,0,0,0,0,0,0,0,0,0,0,0,0,0,0,0,0,0,0,0,0,0,0,0,0,0,0,0,0,0,0,0,0,0,0,0,0,0,0,0,0,0,0,0,0,0,0,0,0,0.003246753,0.01657535,0.039729647,0.104545299,0.22811012,0.407706359,0.675460686,0.967293401,1,1,1,1,1
98,0,0,0,0,0,0,0,0,0,0,0,0,0,0,0,0,0,0,0,0,0,0,0,0,0,0,0,0,0,0,0,0,0,0,0,0,0,0,0,0,0,0,0,0,0,0,0,0,0,0,0,0,0,0,0,0,0,0,0,0,0,0,0,0,0,0,0,0,0,0,0,0,0,0,0,0,0,0,0,0,0,0,0,0,0,0,0,0,0,0,0,0.017616758,0.056135531,0.169162088,0.316128663,0.62514881,0.942513736,1,1,1,1
99,0,0,0,0,0,0,0,0,0,0,0,0,0,0,0,0,0,0,0,0,0,0,0,0,0,0,0,0,0,0,0,0,0,0,0,0,0,0,0,0,0,0,0,0,0,0,0,0,0,0,0,0,0,0,0,0,0,0,0,0,0,0,0,0,0,0,0,0,0,0,0,0,0,0,0,0,0,0,0,0,0,0,0,0,0,0,0,0,0,0,0,0,0,0.003012048,0.036121896,0.15300362,0.411995875,0.89730912,1,1,1
100,0,0,0,0,0,0,0,0,0,0,0,0,0,0,0,0,0,0,0,0,0,0,0,0,0,0,0,0,0,0,0,0,0,0,0,0,0,0,0,0,0,0,0,0,0,0,0,0,0,0,0,0,0,0,0,0,0,0,0,0,0,0,0,0,0,0,0,0,0,0,0,0,0,0,0,0,0,0,0,0,0,0,0,0,0,0,0,0,0,0,0,0,0,0,0,0.008948195,0.029415228,0.196123519,0.706261596,1,1
101,0,0,0,0,0,0,0,0,0,0,0,0,0,0,0,0,0,0,0,0,0,0,0,0,0,0,0,0,0,0,0,0,0,0,0,0,0,0,0,0,0,0,0,0,0,0,0,0,0,0,0,0,0,0,0,0,0,0,0,0,0,0,0,0,0,0,0,0,0,0,0,0,0,0,0,0,0,0,0,0,0,0,0,0,0,0,0,0,0,0,0,0,0,0,0,0,0,0,0.016557198,0.437164684,1
102,0,0,0,0,0,0,0,0,0,0,0,0,0,0,0,0,0,0,0,0,0,0,0,0,0,0,0,0,0,0,0,0,0,0,0,0,0,0,0,0,0,0,0,0,0,0,0,0,0,0,0,0,0,0,0,0,0,0,0,0,0,0,0,0,0,0,0,0,0,0,0,0,0,0,0,0,0,0,0,0,0,0,0,0,0,0,0,0,0,0,0,0,0,0,0,0,0,0,0,0,1
